src	tgt
▁your ▁person a : ▁I ▁like ▁to ▁rem od el ▁hom es . [SEP] ▁your ▁person a : ▁I ▁like ▁to ▁go ▁hun ting . [SEP] ▁your ▁person a : ▁I ▁like ▁to ▁shoot ▁a ▁bow . [SEP] ▁your ▁person a : ▁My ▁favorite ▁holiday ▁is ▁hall ow een . [SEP] ▁Hi , ▁how ▁are ▁you ▁doing ? ▁I ' m ▁getting ▁ready ▁to ▁do ▁some ▁che et ah ▁ch asing ▁to ▁stay ▁in ▁shape .	▁You ▁must ▁be ▁very ▁fast . ▁Hun ting ▁is ▁one ▁of ▁my ▁favorite ▁hob bies .
▁your ▁person a : ▁I ▁like ▁to ▁rem od el ▁hom es . [SEP] ▁your ▁person a : ▁I ▁like ▁to ▁go ▁hun ting . [SEP] ▁your ▁person a : ▁I ▁like ▁to ▁shoot ▁a ▁bow . [SEP] ▁your ▁person a : ▁My ▁favorite ▁holiday ▁is ▁hall ow een . [SEP] ▁Hi , ▁how ▁are ▁you ▁doing ? ▁I ' m ▁getting ▁ready ▁to ▁do ▁some ▁che et ah ▁ch asing ▁to ▁stay ▁in ▁shape . [SEP] ▁You ▁must ▁be ▁very ▁fast . ▁Hun ting ▁is ▁one ▁of ▁my ▁favorite ▁hob bies . [SEP] ▁I ▁am ! ▁For ▁my ▁hobby ▁I ▁like ▁to ▁do ▁can ning ▁or ▁some ▁wh itt ling .	▁I ▁also ▁rem od el ▁hom es ▁when ▁I ▁am ▁not ▁out ▁bow ▁hun ting .
▁your ▁person a : ▁I ▁like ▁to ▁rem od el ▁hom es . [SEP] ▁your ▁person a : ▁I ▁like ▁to ▁go ▁hun ting . [SEP] ▁your ▁person a : ▁I ▁like ▁to ▁shoot ▁a ▁bow . [SEP] ▁your ▁person a : ▁My ▁favorite ▁holiday ▁is ▁hall ow een . [SEP] ▁Hi , ▁how ▁are ▁you ▁doing ? ▁I ' m ▁getting ▁ready ▁to ▁do ▁some ▁che et ah ▁ch asing ▁to ▁stay ▁in ▁shape . [SEP] ▁You ▁must ▁be ▁very ▁fast . ▁Hun ting ▁is ▁one ▁of ▁my ▁favorite ▁hob bies . [SEP] ▁I ▁am ! ▁For ▁my ▁hobby ▁I ▁like ▁to ▁do ▁can ning ▁or ▁some ▁wh itt ling . [SEP] ▁I ▁also ▁rem od el ▁hom es ▁when ▁I ▁am ▁not ▁out ▁bow ▁hun ting . [SEP] ▁That ' s ▁neat . ▁When ▁I ▁was ▁in ▁high ▁school ▁I ▁placed ▁6 th ▁in ▁100 m ▁d ash !	▁That ' s ▁awesome . ▁Do ▁you ▁have ▁a ▁favorite ▁season ▁or ▁time ▁of ▁year ?
▁your ▁person a : ▁I ▁like ▁to ▁rem od el ▁hom es . [SEP] ▁your ▁person a : ▁I ▁like ▁to ▁go ▁hun ting . [SEP] ▁your ▁person a : ▁I ▁like ▁to ▁shoot ▁a ▁bow . [SEP] ▁your ▁person a : ▁My ▁favorite ▁holiday ▁is ▁hall ow een . [SEP] ▁Hi , ▁how ▁are ▁you ▁doing ? ▁I ' m ▁getting ▁ready ▁to ▁do ▁some ▁che et ah ▁ch asing ▁to ▁stay ▁in ▁shape . [SEP] ▁You ▁must ▁be ▁very ▁fast . ▁Hun ting ▁is ▁one ▁of ▁my ▁favorite ▁hob bies . [SEP] ▁I ▁am ! ▁For ▁my ▁hobby ▁I ▁like ▁to ▁do ▁can ning ▁or ▁some ▁wh itt ling . [SEP] ▁I ▁also ▁rem od el ▁hom es ▁when ▁I ▁am ▁not ▁out ▁bow ▁hun ting . [SEP] ▁That ' s ▁neat . ▁When ▁I ▁was ▁in ▁high ▁school ▁I ▁placed ▁6 th ▁in ▁100 m ▁d ash ! [SEP] ▁That ' s ▁awesome . ▁Do ▁you ▁have ▁a ▁favorite ▁season ▁or ▁time ▁of ▁year ? [SEP] ▁I ▁do ▁not . ▁But ▁I ▁do ▁have ▁a ▁favorite ▁meat ▁since ▁that ▁is ▁all ▁I ▁eat ▁exclus ively .	▁What ▁is ▁your ▁favorite ▁meat ▁to ▁eat ?
▁your ▁person a : ▁I ▁like ▁to ▁rem od el ▁hom es . [SEP] ▁your ▁person a : ▁I ▁like ▁to ▁go ▁hun ting . [SEP] ▁your ▁person a : ▁I ▁like ▁to ▁shoot ▁a ▁bow . [SEP] ▁your ▁person a : ▁My ▁favorite ▁holiday ▁is ▁hall ow een . [SEP] ▁Hi , ▁how ▁are ▁you ▁doing ? ▁I ' m ▁getting ▁ready ▁to ▁do ▁some ▁che et ah ▁ch asing ▁to ▁stay ▁in ▁shape . [SEP] ▁You ▁must ▁be ▁very ▁fast . ▁Hun ting ▁is ▁one ▁of ▁my ▁favorite ▁hob bies . [SEP] ▁I ▁am ! ▁For ▁my ▁hobby ▁I ▁like ▁to ▁do ▁can ning ▁or ▁some ▁wh itt ling . [SEP] ▁I ▁also ▁rem od el ▁hom es ▁when ▁I ▁am ▁not ▁out ▁bow ▁hun ting . [SEP] ▁That ' s ▁neat . ▁When ▁I ▁was ▁in ▁high ▁school ▁I ▁placed ▁6 th ▁in ▁100 m ▁d ash ! [SEP] ▁That ' s ▁awesome . ▁Do ▁you ▁have ▁a ▁favorite ▁season ▁or ▁time ▁of ▁year ? [SEP] ▁I ▁do ▁not . ▁But ▁I ▁do ▁have ▁a ▁favorite ▁meat ▁since ▁that ▁is ▁all ▁I ▁eat ▁exclus ively . [SEP] ▁What ▁is ▁your ▁favorite ▁meat ▁to ▁eat ? [SEP] ▁I ▁would ▁have ▁to ▁say ▁its ▁prime ▁r ib . ▁Do ▁you ▁have ▁any ▁favorite ▁food s ?	▁I ▁like ▁chicken ▁or ▁mac aron i ▁and ▁cheese .
▁your ▁person a : ▁I ▁like ▁to ▁rem od el ▁hom es . [SEP] ▁your ▁person a : ▁I ▁like ▁to ▁go ▁hun ting . [SEP] ▁your ▁person a : ▁I ▁like ▁to ▁shoot ▁a ▁bow . [SEP] ▁your ▁person a : ▁My ▁favorite ▁holiday ▁is ▁hall ow een . [SEP] ▁Hi , ▁how ▁are ▁you ▁doing ? ▁I ' m ▁getting ▁ready ▁to ▁do ▁some ▁che et ah ▁ch asing ▁to ▁stay ▁in ▁shape . [SEP] ▁You ▁must ▁be ▁very ▁fast . ▁Hun ting ▁is ▁one ▁of ▁my ▁favorite ▁hob bies . [SEP] ▁I ▁am ! ▁For ▁my ▁hobby ▁I ▁like ▁to ▁do ▁can ning ▁or ▁some ▁wh itt ling . [SEP] ▁I ▁also ▁rem od el ▁hom es ▁when ▁I ▁am ▁not ▁out ▁bow ▁hun ting . [SEP] ▁That ' s ▁neat . ▁When ▁I ▁was ▁in ▁high ▁school ▁I ▁placed ▁6 th ▁in ▁100 m ▁d ash ! [SEP] ▁That ' s ▁awesome . ▁Do ▁you ▁have ▁a ▁favorite ▁season ▁or ▁time ▁of ▁year ? [SEP] ▁I ▁do ▁not . ▁But ▁I ▁do ▁have ▁a ▁favorite ▁meat ▁since ▁that ▁is ▁all ▁I ▁eat ▁exclus ively . [SEP] ▁What ▁is ▁your ▁favorite ▁meat ▁to ▁eat ? [SEP] ▁I ▁would ▁have ▁to ▁say ▁its ▁prime ▁r ib . ▁Do ▁you ▁have ▁any ▁favorite ▁food s ? [SEP] ▁I ▁like ▁chicken ▁or ▁mac aron i ▁and ▁cheese . [SEP] ▁Do ▁you ▁have ▁anything ▁planned ▁for ▁today ? ▁I ▁think ▁I ▁am ▁going ▁to ▁do ▁some ▁can ning .	▁I ▁am ▁going ▁to ▁watch ▁football . ▁What ▁are ▁you ▁can ning ?
▁your ▁person a : ▁I ▁like ▁to ▁rem od el ▁hom es . [SEP] ▁your ▁person a : ▁I ▁like ▁to ▁go ▁hun ting . [SEP] ▁your ▁person a : ▁I ▁like ▁to ▁shoot ▁a ▁bow . [SEP] ▁your ▁person a : ▁My ▁favorite ▁holiday ▁is ▁hall ow een . [SEP] ▁Hi , ▁how ▁are ▁you ▁doing ? ▁I ' m ▁getting ▁ready ▁to ▁do ▁some ▁che et ah ▁ch asing ▁to ▁stay ▁in ▁shape . [SEP] ▁You ▁must ▁be ▁very ▁fast . ▁Hun ting ▁is ▁one ▁of ▁my ▁favorite ▁hob bies . [SEP] ▁I ▁am ! ▁For ▁my ▁hobby ▁I ▁like ▁to ▁do ▁can ning ▁or ▁some ▁wh itt ling . [SEP] ▁I ▁also ▁rem od el ▁hom es ▁when ▁I ▁am ▁not ▁out ▁bow ▁hun ting . [SEP] ▁That ' s ▁neat . ▁When ▁I ▁was ▁in ▁high ▁school ▁I ▁placed ▁6 th ▁in ▁100 m ▁d ash ! [SEP] ▁That ' s ▁awesome . ▁Do ▁you ▁have ▁a ▁favorite ▁season ▁or ▁time ▁of ▁year ? [SEP] ▁I ▁do ▁not . ▁But ▁I ▁do ▁have ▁a ▁favorite ▁meat ▁since ▁that ▁is ▁all ▁I ▁eat ▁exclus ively . [SEP] ▁What ▁is ▁your ▁favorite ▁meat ▁to ▁eat ? [SEP] ▁I ▁would ▁have ▁to ▁say ▁its ▁prime ▁r ib . ▁Do ▁you ▁have ▁any ▁favorite ▁food s ? [SEP] ▁I ▁like ▁chicken ▁or ▁mac aron i ▁and ▁cheese . [SEP] ▁Do ▁you ▁have ▁anything ▁planned ▁for ▁today ? ▁I ▁think ▁I ▁am ▁going ▁to ▁do ▁some ▁can ning . [SEP] ▁I ▁am ▁going ▁to ▁watch ▁football . ▁What ▁are ▁you ▁can ning ? [SEP] ▁I ▁think ▁I ▁will ▁can ▁some ▁j am . ▁Do ▁you ▁also ▁play ▁foot fall ▁for ▁fun ?	▁If ▁I ▁have ▁time ▁outside ▁of ▁hun ting ▁and ▁rem od el ing ▁hom es . ▁Which ▁is ▁not ▁much !
▁your ▁person a : ▁My ▁mom ▁is ▁my ▁best ▁friend . [SEP] ▁your ▁person a : ▁I ▁have ▁four ▁s is ters . [SEP] ▁your ▁person a : ▁I ▁believe ▁that ▁mer ma ids ▁are ▁real . [SEP] ▁your ▁person a : ▁I ▁love ▁ iced ▁tea . [SEP] ▁Hi , ▁how ▁are ▁you ▁doing ▁today ?	▁I ▁am ▁spending ▁time ▁with ▁my ▁4 ▁s is ters ▁what ▁are ▁you ▁up ▁to
▁your ▁person a : ▁My ▁mom ▁is ▁my ▁best ▁friend . [SEP] ▁your ▁person a : ▁I ▁have ▁four ▁s is ters . [SEP] ▁your ▁person a : ▁I ▁believe ▁that ▁mer ma ids ▁are ▁real . [SEP] ▁your ▁person a : ▁I ▁love ▁ iced ▁tea . [SEP] ▁Hi , ▁how ▁are ▁you ▁doing ▁today ? [SEP] ▁I ▁am ▁spending ▁time ▁with ▁my ▁4 ▁s is ters ▁what ▁are ▁you ▁up ▁to [SEP] ▁Wow , ▁four ▁s is ters . ▁Just ▁watching ▁game ▁of ▁thr ones .	▁That ▁is ▁a ▁good ▁show ▁I ▁watch ▁that ▁while ▁drinking ▁ iced ▁tea
▁your ▁person a : ▁My ▁mom ▁is ▁my ▁best ▁friend . [SEP] ▁your ▁person a : ▁I ▁have ▁four ▁s is ters . [SEP] ▁your ▁person a : ▁I ▁believe ▁that ▁mer ma ids ▁are ▁real . [SEP] ▁your ▁person a : ▁I ▁love ▁ iced ▁tea . [SEP] ▁Hi , ▁how ▁are ▁you ▁doing ▁today ? [SEP] ▁I ▁am ▁spending ▁time ▁with ▁my ▁4 ▁s is ters ▁what ▁are ▁you ▁up ▁to [SEP] ▁Wow , ▁four ▁s is ters . ▁Just ▁watching ▁game ▁of ▁thr ones . [SEP] ▁That ▁is ▁a ▁good ▁show ▁I ▁watch ▁that ▁while ▁drinking ▁ iced ▁tea [SEP] ▁I ▁agree . ▁What ▁do ▁you ▁do ▁for ▁a ▁living ?	▁I ' m ▁a ▁research er ▁I ' m ▁research ing ▁the ▁fact ▁that ▁mer ma ids ▁are ▁real
▁your ▁person a : ▁My ▁mom ▁is ▁my ▁best ▁friend . [SEP] ▁your ▁person a : ▁I ▁have ▁four ▁s is ters . [SEP] ▁your ▁person a : ▁I ▁believe ▁that ▁mer ma ids ▁are ▁real . [SEP] ▁your ▁person a : ▁I ▁love ▁ iced ▁tea . [SEP] ▁Hi , ▁how ▁are ▁you ▁doing ▁today ? [SEP] ▁I ▁am ▁spending ▁time ▁with ▁my ▁4 ▁s is ters ▁what ▁are ▁you ▁up ▁to [SEP] ▁Wow , ▁four ▁s is ters . ▁Just ▁watching ▁game ▁of ▁thr ones . [SEP] ▁That ▁is ▁a ▁good ▁show ▁I ▁watch ▁that ▁while ▁drinking ▁ iced ▁tea [SEP] ▁I ▁agree . ▁What ▁do ▁you ▁do ▁for ▁a ▁living ? [SEP] ▁I ' m ▁a ▁research er ▁I ' m ▁research ing ▁the ▁fact ▁that ▁mer ma ids ▁are ▁real [SEP] ▁Interesting . ▁I ' m ▁a ▁website ▁design er . ▁Pretty ▁much ▁spend ▁all ▁my ▁time ▁on ▁the ▁computer .	▁That ' s ▁cool ▁my ▁mom ▁does ▁the ▁same ▁thing
▁your ▁person a : ▁My ▁mom ▁is ▁my ▁best ▁friend . [SEP] ▁your ▁person a : ▁I ▁have ▁four ▁s is ters . [SEP] ▁your ▁person a : ▁I ▁believe ▁that ▁mer ma ids ▁are ▁real . [SEP] ▁your ▁person a : ▁I ▁love ▁ iced ▁tea . [SEP] ▁Hi , ▁how ▁are ▁you ▁doing ▁today ? [SEP] ▁I ▁am ▁spending ▁time ▁with ▁my ▁4 ▁s is ters ▁what ▁are ▁you ▁up ▁to [SEP] ▁Wow , ▁four ▁s is ters . ▁Just ▁watching ▁game ▁of ▁thr ones . [SEP] ▁That ▁is ▁a ▁good ▁show ▁I ▁watch ▁that ▁while ▁drinking ▁ iced ▁tea [SEP] ▁I ▁agree . ▁What ▁do ▁you ▁do ▁for ▁a ▁living ? [SEP] ▁I ' m ▁a ▁research er ▁I ' m ▁research ing ▁the ▁fact ▁that ▁mer ma ids ▁are ▁real [SEP] ▁Interesting . ▁I ' m ▁a ▁website ▁design er . ▁Pretty ▁much ▁spend ▁all ▁my ▁time ▁on ▁the ▁computer . [SEP] ▁That ' s ▁cool ▁my ▁mom ▁does ▁the ▁same ▁thing [SEP] ▁That ' s ▁awesome . ▁I ▁have ▁always ▁had ▁a ▁love ▁for ▁technology .	▁Tell ▁me ▁more ▁about ▁yourself
▁your ▁person a : ▁My ▁mom ▁is ▁my ▁best ▁friend . [SEP] ▁your ▁person a : ▁I ▁have ▁four ▁s is ters . [SEP] ▁your ▁person a : ▁I ▁believe ▁that ▁mer ma ids ▁are ▁real . [SEP] ▁your ▁person a : ▁I ▁love ▁ iced ▁tea . [SEP] ▁Hi , ▁how ▁are ▁you ▁doing ▁today ? [SEP] ▁I ▁am ▁spending ▁time ▁with ▁my ▁4 ▁s is ters ▁what ▁are ▁you ▁up ▁to [SEP] ▁Wow , ▁four ▁s is ters . ▁Just ▁watching ▁game ▁of ▁thr ones . [SEP] ▁That ▁is ▁a ▁good ▁show ▁I ▁watch ▁that ▁while ▁drinking ▁ iced ▁tea [SEP] ▁I ▁agree . ▁What ▁do ▁you ▁do ▁for ▁a ▁living ? [SEP] ▁I ' m ▁a ▁research er ▁I ' m ▁research ing ▁the ▁fact ▁that ▁mer ma ids ▁are ▁real [SEP] ▁Interesting . ▁I ' m ▁a ▁website ▁design er . ▁Pretty ▁much ▁spend ▁all ▁my ▁time ▁on ▁the ▁computer . [SEP] ▁That ' s ▁cool ▁my ▁mom ▁does ▁the ▁same ▁thing [SEP] ▁That ' s ▁awesome . ▁I ▁have ▁always ▁had ▁a ▁love ▁for ▁technology . [SEP] ▁Tell ▁me ▁more ▁about ▁yourself [SEP] ▁I ▁really ▁enjoy ▁free ▁di ving , ▁how ▁about ▁you , ▁have ▁any ▁hob bies ?	▁I ▁enjoy ▁hanging ▁with ▁my ▁mother ▁she ' s ▁my ▁best ▁friend
▁your ▁person a : ▁My ▁mom ▁is ▁my ▁best ▁friend . [SEP] ▁your ▁person a : ▁I ▁have ▁four ▁s is ters . [SEP] ▁your ▁person a : ▁I ▁believe ▁that ▁mer ma ids ▁are ▁real . [SEP] ▁your ▁person a : ▁I ▁love ▁ iced ▁tea . [SEP] ▁Hi , ▁how ▁are ▁you ▁doing ▁today ? [SEP] ▁I ▁am ▁spending ▁time ▁with ▁my ▁4 ▁s is ters ▁what ▁are ▁you ▁up ▁to [SEP] ▁Wow , ▁four ▁s is ters . ▁Just ▁watching ▁game ▁of ▁thr ones . [SEP] ▁That ▁is ▁a ▁good ▁show ▁I ▁watch ▁that ▁while ▁drinking ▁ iced ▁tea [SEP] ▁I ▁agree . ▁What ▁do ▁you ▁do ▁for ▁a ▁living ? [SEP] ▁I ' m ▁a ▁research er ▁I ' m ▁research ing ▁the ▁fact ▁that ▁mer ma ids ▁are ▁real [SEP] ▁Interesting . ▁I ' m ▁a ▁website ▁design er . ▁Pretty ▁much ▁spend ▁all ▁my ▁time ▁on ▁the ▁computer . [SEP] ▁That ' s ▁cool ▁my ▁mom ▁does ▁the ▁same ▁thing [SEP] ▁That ' s ▁awesome . ▁I ▁have ▁always ▁had ▁a ▁love ▁for ▁technology . [SEP] ▁Tell ▁me ▁more ▁about ▁yourself [SEP] ▁I ▁really ▁enjoy ▁free ▁di ving , ▁how ▁about ▁you , ▁have ▁any ▁hob bies ? [SEP] ▁I ▁enjoy ▁hanging ▁with ▁my ▁mother ▁she ' s ▁my ▁best ▁friend [SEP] ▁That ' s ▁nice . ▁M oms ▁are ▁pretty ▁cool ▁too .	▁I ' m ▁also ▁fasc in ated ▁with ▁mer ma ids
▁your ▁person a : ▁I ▁had ▁a ▁gig ▁at ▁local ▁the ater ▁last ▁night . [SEP] ▁your ▁person a : ▁I ▁work ▁as ▁a ▁stand ▁up ▁com ed ian . [SEP] ▁your ▁person a : ▁I ▁come ▁from ▁a ▁small ▁town . [SEP] ▁your ▁person a : ▁My ▁favorite ▁drink ▁is ▁c ub a ▁li bre . [SEP] ▁your ▁person a : ▁I ▁did ▁a ▁few ▁small ▁ro les ▁in ▁tv ▁series . [SEP] ▁We ▁all ▁live ▁in ▁a ▁yellow ▁sub mar ine , ▁a ▁yellow ▁sub mar ine . ▁Mor ning !	▁Hi ! ▁That ▁is ▁a ▁great ▁line ▁for ▁my ▁next ▁stand ▁up .
▁your ▁person a : ▁I ▁had ▁a ▁gig ▁at ▁local ▁the ater ▁last ▁night . [SEP] ▁your ▁person a : ▁I ▁work ▁as ▁a ▁stand ▁up ▁com ed ian . [SEP] ▁your ▁person a : ▁I ▁come ▁from ▁a ▁small ▁town . [SEP] ▁your ▁person a : ▁My ▁favorite ▁drink ▁is ▁c ub a ▁li bre . [SEP] ▁your ▁person a : ▁I ▁did ▁a ▁few ▁small ▁ro les ▁in ▁tv ▁series . [SEP] ▁We ▁all ▁live ▁in ▁a ▁yellow ▁sub mar ine , ▁a ▁yellow ▁sub mar ine . ▁Mor ning ! [SEP] ▁Hi ! ▁That ▁is ▁a ▁great ▁line ▁for ▁my ▁next ▁stand ▁up . [SEP] ▁Lol . ▁I ▁am ▁sh y , ▁anything ▁to ▁break ▁the ▁ice , ▁and ▁I ▁am ▁a ▁beat les ▁fan .	▁I ▁can ▁tell . ▁I ▁am ▁not , ▁you ▁can ▁see ▁me ▁in ▁some ▁tv ▁shows
▁your ▁person a : ▁I ▁had ▁a ▁gig ▁at ▁local ▁the ater ▁last ▁night . [SEP] ▁your ▁person a : ▁I ▁work ▁as ▁a ▁stand ▁up ▁com ed ian . [SEP] ▁your ▁person a : ▁I ▁come ▁from ▁a ▁small ▁town . [SEP] ▁your ▁person a : ▁My ▁favorite ▁drink ▁is ▁c ub a ▁li bre . [SEP] ▁your ▁person a : ▁I ▁did ▁a ▁few ▁small ▁ro les ▁in ▁tv ▁series . [SEP] ▁We ▁all ▁live ▁in ▁a ▁yellow ▁sub mar ine , ▁a ▁yellow ▁sub mar ine . ▁Mor ning ! [SEP] ▁Hi ! ▁That ▁is ▁a ▁great ▁line ▁for ▁my ▁next ▁stand ▁up . [SEP] ▁Lol . ▁I ▁am ▁sh y , ▁anything ▁to ▁break ▁the ▁ice , ▁and ▁I ▁am ▁a ▁beat les ▁fan . [SEP] ▁I ▁can ▁tell . ▁I ▁am ▁not , ▁you ▁can ▁see ▁me ▁in ▁some ▁tv ▁shows [SEP] ▁Really ? ▁What ▁shows ? ▁I ▁like ▁tv , ▁it ▁makes ▁me ▁forget ▁I ▁do ▁not ▁like ▁my ▁family	▁Wow , ▁I ▁wish ▁I ▁had ▁a ▁big ▁family . ▁I ▁grew ▁up ▁in ▁a ▁very ▁small ▁town .
▁your ▁person a : ▁I ▁had ▁a ▁gig ▁at ▁local ▁the ater ▁last ▁night . [SEP] ▁your ▁person a : ▁I ▁work ▁as ▁a ▁stand ▁up ▁com ed ian . [SEP] ▁your ▁person a : ▁I ▁come ▁from ▁a ▁small ▁town . [SEP] ▁your ▁person a : ▁My ▁favorite ▁drink ▁is ▁c ub a ▁li bre . [SEP] ▁your ▁person a : ▁I ▁did ▁a ▁few ▁small ▁ro les ▁in ▁tv ▁series . [SEP] ▁We ▁all ▁live ▁in ▁a ▁yellow ▁sub mar ine , ▁a ▁yellow ▁sub mar ine . ▁Mor ning ! [SEP] ▁Hi ! ▁That ▁is ▁a ▁great ▁line ▁for ▁my ▁next ▁stand ▁up . [SEP] ▁Lol . ▁I ▁am ▁sh y , ▁anything ▁to ▁break ▁the ▁ice , ▁and ▁I ▁am ▁a ▁beat les ▁fan . [SEP] ▁I ▁can ▁tell . ▁I ▁am ▁not , ▁you ▁can ▁see ▁me ▁in ▁some ▁tv ▁shows [SEP] ▁Really ? ▁What ▁shows ? ▁I ▁like ▁tv , ▁it ▁makes ▁me ▁forget ▁I ▁do ▁not ▁like ▁my ▁family [SEP] ▁Wow , ▁I ▁wish ▁I ▁had ▁a ▁big ▁family . ▁I ▁grew ▁up ▁in ▁a ▁very ▁small ▁town . [SEP] ▁I ▁did ▁too . ▁I ▁do ▁not ▁get ▁along ▁with ▁mine . ▁They ▁have ▁no ▁class .	▁Just ▁drink ▁some ▁col a ▁with ▁rum ▁and ▁you ' ll ▁forget ▁about ▁them !
▁your ▁person a : ▁I ▁had ▁a ▁gig ▁at ▁local ▁the ater ▁last ▁night . [SEP] ▁your ▁person a : ▁I ▁work ▁as ▁a ▁stand ▁up ▁com ed ian . [SEP] ▁your ▁person a : ▁I ▁come ▁from ▁a ▁small ▁town . [SEP] ▁your ▁person a : ▁My ▁favorite ▁drink ▁is ▁c ub a ▁li bre . [SEP] ▁your ▁person a : ▁I ▁did ▁a ▁few ▁small ▁ro les ▁in ▁tv ▁series . [SEP] ▁We ▁all ▁live ▁in ▁a ▁yellow ▁sub mar ine , ▁a ▁yellow ▁sub mar ine . ▁Mor ning ! [SEP] ▁Hi ! ▁That ▁is ▁a ▁great ▁line ▁for ▁my ▁next ▁stand ▁up . [SEP] ▁Lol . ▁I ▁am ▁sh y , ▁anything ▁to ▁break ▁the ▁ice , ▁and ▁I ▁am ▁a ▁beat les ▁fan . [SEP] ▁I ▁can ▁tell . ▁I ▁am ▁not , ▁you ▁can ▁see ▁me ▁in ▁some ▁tv ▁shows [SEP] ▁Really ? ▁What ▁shows ? ▁I ▁like ▁tv , ▁it ▁makes ▁me ▁forget ▁I ▁do ▁not ▁like ▁my ▁family [SEP] ▁Wow , ▁I ▁wish ▁I ▁had ▁a ▁big ▁family . ▁I ▁grew ▁up ▁in ▁a ▁very ▁small ▁town . [SEP] ▁I ▁did ▁too . ▁I ▁do ▁not ▁get ▁along ▁with ▁mine . ▁They ▁have ▁no ▁class . [SEP] ▁Just ▁drink ▁some ▁col a ▁with ▁rum ▁and ▁you ' ll ▁forget ▁about ▁them ! [SEP] ▁Put ▁the ▁l ime ▁in ▁the ▁co con ut ▁as ▁well ...	▁Nah , ▁plain ▁c ub a ▁li bre , ▁that ' s ▁what ▁we ▁dr ank ▁yesterday ▁at ▁the ▁the ater .
▁your ▁person a : ▁I ▁had ▁a ▁gig ▁at ▁local ▁the ater ▁last ▁night . [SEP] ▁your ▁person a : ▁I ▁work ▁as ▁a ▁stand ▁up ▁com ed ian . [SEP] ▁your ▁person a : ▁I ▁come ▁from ▁a ▁small ▁town . [SEP] ▁your ▁person a : ▁My ▁favorite ▁drink ▁is ▁c ub a ▁li bre . [SEP] ▁your ▁person a : ▁I ▁did ▁a ▁few ▁small ▁ro les ▁in ▁tv ▁series . [SEP] ▁We ▁all ▁live ▁in ▁a ▁yellow ▁sub mar ine , ▁a ▁yellow ▁sub mar ine . ▁Mor ning ! [SEP] ▁Hi ! ▁That ▁is ▁a ▁great ▁line ▁for ▁my ▁next ▁stand ▁up . [SEP] ▁Lol . ▁I ▁am ▁sh y , ▁anything ▁to ▁break ▁the ▁ice , ▁and ▁I ▁am ▁a ▁beat les ▁fan . [SEP] ▁I ▁can ▁tell . ▁I ▁am ▁not , ▁you ▁can ▁see ▁me ▁in ▁some ▁tv ▁shows [SEP] ▁Really ? ▁What ▁shows ? ▁I ▁like ▁tv , ▁it ▁makes ▁me ▁forget ▁I ▁do ▁not ▁like ▁my ▁family [SEP] ▁Wow , ▁I ▁wish ▁I ▁had ▁a ▁big ▁family . ▁I ▁grew ▁up ▁in ▁a ▁very ▁small ▁town . [SEP] ▁I ▁did ▁too . ▁I ▁do ▁not ▁get ▁along ▁with ▁mine . ▁They ▁have ▁no ▁class . [SEP] ▁Just ▁drink ▁some ▁col a ▁with ▁rum ▁and ▁you ' ll ▁forget ▁about ▁them ! [SEP] ▁Put ▁the ▁l ime ▁in ▁the ▁co con ut ▁as ▁well ... [SEP] ▁Nah , ▁plain ▁c ub a ▁li bre , ▁that ' s ▁what ▁we ▁dr ank ▁yesterday ▁at ▁the ▁the ater . [SEP] ▁I ▁prefer ▁mo j it os . ▁Water m el on ▁or ▁c uc umber .	▁Those ▁are ▁really ▁y ummy ▁too , ▁but ▁not ▁my ▁favorite .
▁your ▁person a : ▁I ' m ▁very ▁athlet ic . [SEP] ▁your ▁person a : ▁I ▁wear ▁contact s . [SEP] ▁your ▁person a : ▁I ▁have ▁brown ▁hair . [SEP] ▁your ▁person a : ▁I ▁love ▁b icy c ling . [SEP] ▁your ▁person a : ▁I ▁hate ▁car r ots . [SEP] ▁Hi ! ▁I ▁work ▁as ▁a ▁g our met ▁cook .	▁I ▁don ' t ▁like ▁car r ots . ▁I ▁throw ▁them ▁away .
▁your ▁person a : ▁I ' m ▁very ▁athlet ic . [SEP] ▁your ▁person a : ▁I ▁wear ▁contact s . [SEP] ▁your ▁person a : ▁I ▁have ▁brown ▁hair . [SEP] ▁your ▁person a : ▁I ▁love ▁b icy c ling . [SEP] ▁your ▁person a : ▁I ▁hate ▁car r ots . [SEP] ▁Hi ! ▁I ▁work ▁as ▁a ▁g our met ▁cook . [SEP] ▁I ▁don ' t ▁like ▁car r ots . ▁I ▁throw ▁them ▁away . [SEP] ▁Really . ▁But , ▁I ▁can ▁sing ▁pitch ▁perfect .	▁I ▁also ▁cook , ▁and ▁I ▁ride ▁my ▁bike ▁to ▁work .
▁your ▁person a : ▁I ' m ▁very ▁athlet ic . [SEP] ▁your ▁person a : ▁I ▁wear ▁contact s . [SEP] ▁your ▁person a : ▁I ▁have ▁brown ▁hair . [SEP] ▁your ▁person a : ▁I ▁love ▁b icy c ling . [SEP] ▁your ▁person a : ▁I ▁hate ▁car r ots . [SEP] ▁Hi ! ▁I ▁work ▁as ▁a ▁g our met ▁cook . [SEP] ▁I ▁don ' t ▁like ▁car r ots . ▁I ▁throw ▁them ▁away . [SEP] ▁Really . ▁But , ▁I ▁can ▁sing ▁pitch ▁perfect . [SEP] ▁I ▁also ▁cook , ▁and ▁I ▁ride ▁my ▁bike ▁to ▁work . [SEP] ▁Great ! ▁I ▁had ▁won ▁an ▁aw ard ▁for ▁spelling ▁be e .	▁My ▁contact s ▁can ▁see ▁through ▁what ▁you ▁are ▁trying ▁to ▁sell ▁me .
▁your ▁person a : ▁I ' m ▁very ▁athlet ic . [SEP] ▁your ▁person a : ▁I ▁wear ▁contact s . [SEP] ▁your ▁person a : ▁I ▁have ▁brown ▁hair . [SEP] ▁your ▁person a : ▁I ▁love ▁b icy c ling . [SEP] ▁your ▁person a : ▁I ▁hate ▁car r ots . [SEP] ▁Hi ! ▁I ▁work ▁as ▁a ▁g our met ▁cook . [SEP] ▁I ▁don ' t ▁like ▁car r ots . ▁I ▁throw ▁them ▁away . [SEP] ▁Really . ▁But , ▁I ▁can ▁sing ▁pitch ▁perfect . [SEP] ▁I ▁also ▁cook , ▁and ▁I ▁ride ▁my ▁bike ▁to ▁work . [SEP] ▁Great ! ▁I ▁had ▁won ▁an ▁aw ard ▁for ▁spelling ▁be e . [SEP] ▁My ▁contact s ▁can ▁see ▁through ▁what ▁you ▁are ▁trying ▁to ▁sell ▁me . [SEP] ▁Okay ▁but ▁I ▁was ▁pub lished ▁in ▁new ▁y ork er ▁once	▁You ▁better ▁not ▁make ▁any ▁spelling ▁mistakes .
▁your ▁person a : ▁I ' m ▁very ▁athlet ic . [SEP] ▁your ▁person a : ▁I ▁wear ▁contact s . [SEP] ▁your ▁person a : ▁I ▁have ▁brown ▁hair . [SEP] ▁your ▁person a : ▁I ▁love ▁b icy c ling . [SEP] ▁your ▁person a : ▁I ▁hate ▁car r ots . [SEP] ▁Hi ! ▁I ▁work ▁as ▁a ▁g our met ▁cook . [SEP] ▁I ▁don ' t ▁like ▁car r ots . ▁I ▁throw ▁them ▁away . [SEP] ▁Really . ▁But , ▁I ▁can ▁sing ▁pitch ▁perfect . [SEP] ▁I ▁also ▁cook , ▁and ▁I ▁ride ▁my ▁bike ▁to ▁work . [SEP] ▁Great ! ▁I ▁had ▁won ▁an ▁aw ard ▁for ▁spelling ▁be e . [SEP] ▁My ▁contact s ▁can ▁see ▁through ▁what ▁you ▁are ▁trying ▁to ▁sell ▁me . [SEP] ▁Okay ▁but ▁I ▁was ▁pub lished ▁in ▁new ▁y ork er ▁once [SEP] ▁You ▁better ▁not ▁make ▁any ▁spelling ▁mistakes . [SEP] ▁I ▁have ▁not . ▁I ▁can ▁cook ▁any ▁word ▁you ▁want ▁me ▁to	▁What ▁is ▁your ▁eth n ic ity ? ▁I ' m ▁white , ▁and ▁my ▁hair ▁is ▁brown .
▁your ▁person a : ▁I ' m ▁very ▁athlet ic . [SEP] ▁your ▁person a : ▁I ▁wear ▁contact s . [SEP] ▁your ▁person a : ▁I ▁have ▁brown ▁hair . [SEP] ▁your ▁person a : ▁I ▁love ▁b icy c ling . [SEP] ▁your ▁person a : ▁I ▁hate ▁car r ots . [SEP] ▁Hi ! ▁I ▁work ▁as ▁a ▁g our met ▁cook . [SEP] ▁I ▁don ' t ▁like ▁car r ots . ▁I ▁throw ▁them ▁away . [SEP] ▁Really . ▁But , ▁I ▁can ▁sing ▁pitch ▁perfect . [SEP] ▁I ▁also ▁cook , ▁and ▁I ▁ride ▁my ▁bike ▁to ▁work . [SEP] ▁Great ! ▁I ▁had ▁won ▁an ▁aw ard ▁for ▁spelling ▁be e . [SEP] ▁My ▁contact s ▁can ▁see ▁through ▁what ▁you ▁are ▁trying ▁to ▁sell ▁me . [SEP] ▁Okay ▁but ▁I ▁was ▁pub lished ▁in ▁new ▁y ork er ▁once [SEP] ▁You ▁better ▁not ▁make ▁any ▁spelling ▁mistakes . [SEP] ▁I ▁have ▁not . ▁I ▁can ▁cook ▁any ▁word ▁you ▁want ▁me ▁to [SEP] ▁What ▁is ▁your ▁eth n ic ity ? ▁I ' m ▁white , ▁and ▁my ▁hair ▁is ▁brown . [SEP] ▁I ' m ▁as ian ▁and ▁have ▁no ▁hair .	▁I ▁love ▁hair less ▁as ians . ▁Do ▁you ▁like ▁car r ots ?
▁your ▁person a : ▁I ' m ▁very ▁athlet ic . [SEP] ▁your ▁person a : ▁I ▁wear ▁contact s . [SEP] ▁your ▁person a : ▁I ▁have ▁brown ▁hair . [SEP] ▁your ▁person a : ▁I ▁love ▁b icy c ling . [SEP] ▁your ▁person a : ▁I ▁hate ▁car r ots . [SEP] ▁Hi ! ▁I ▁work ▁as ▁a ▁g our met ▁cook . [SEP] ▁I ▁don ' t ▁like ▁car r ots . ▁I ▁throw ▁them ▁away . [SEP] ▁Really . ▁But , ▁I ▁can ▁sing ▁pitch ▁perfect . [SEP] ▁I ▁also ▁cook , ▁and ▁I ▁ride ▁my ▁bike ▁to ▁work . [SEP] ▁Great ! ▁I ▁had ▁won ▁an ▁aw ard ▁for ▁spelling ▁be e . [SEP] ▁My ▁contact s ▁can ▁see ▁through ▁what ▁you ▁are ▁trying ▁to ▁sell ▁me . [SEP] ▁Okay ▁but ▁I ▁was ▁pub lished ▁in ▁new ▁y ork er ▁once [SEP] ▁You ▁better ▁not ▁make ▁any ▁spelling ▁mistakes . [SEP] ▁I ▁have ▁not . ▁I ▁can ▁cook ▁any ▁word ▁you ▁want ▁me ▁to [SEP] ▁What ▁is ▁your ▁eth n ic ity ? ▁I ' m ▁white , ▁and ▁my ▁hair ▁is ▁brown . [SEP] ▁I ' m ▁as ian ▁and ▁have ▁no ▁hair . [SEP] ▁I ▁love ▁hair less ▁as ians . ▁Do ▁you ▁like ▁car r ots ? [SEP] ▁I ▁love ▁car r ots . ▁I ▁eat ▁car r ots ▁like ▁a ▁horse .	▁Are ▁you ▁male ▁or ▁female ?
▁your ▁person a : ▁I ' m ▁very ▁athlet ic . [SEP] ▁your ▁person a : ▁I ▁wear ▁contact s . [SEP] ▁your ▁person a : ▁I ▁have ▁brown ▁hair . [SEP] ▁your ▁person a : ▁I ▁love ▁b icy c ling . [SEP] ▁your ▁person a : ▁I ▁hate ▁car r ots . [SEP] ▁Hi ! ▁I ▁work ▁as ▁a ▁g our met ▁cook . [SEP] ▁I ▁don ' t ▁like ▁car r ots . ▁I ▁throw ▁them ▁away . [SEP] ▁Really . ▁But , ▁I ▁can ▁sing ▁pitch ▁perfect . [SEP] ▁I ▁also ▁cook , ▁and ▁I ▁ride ▁my ▁bike ▁to ▁work . [SEP] ▁Great ! ▁I ▁had ▁won ▁an ▁aw ard ▁for ▁spelling ▁be e . [SEP] ▁My ▁contact s ▁can ▁see ▁through ▁what ▁you ▁are ▁trying ▁to ▁sell ▁me . [SEP] ▁Okay ▁but ▁I ▁was ▁pub lished ▁in ▁new ▁y ork er ▁once [SEP] ▁You ▁better ▁not ▁make ▁any ▁spelling ▁mistakes . [SEP] ▁I ▁have ▁not . ▁I ▁can ▁cook ▁any ▁word ▁you ▁want ▁me ▁to [SEP] ▁What ▁is ▁your ▁eth n ic ity ? ▁I ' m ▁white , ▁and ▁my ▁hair ▁is ▁brown . [SEP] ▁I ' m ▁as ian ▁and ▁have ▁no ▁hair . [SEP] ▁I ▁love ▁hair less ▁as ians . ▁Do ▁you ▁like ▁car r ots ? [SEP] ▁I ▁love ▁car r ots . ▁I ▁eat ▁car r ots ▁like ▁a ▁horse . [SEP] ▁Are ▁you ▁male ▁or ▁female ? [SEP] ▁I ▁work ▁as ▁a ▁g our met ▁cook ▁who ▁also ▁has ▁a ▁pitch ▁perfect ▁voice .	▁I ▁doubt ▁that ▁very ▁much . ▁You ▁probably ▁like ▁to ▁scream ▁alone .
▁your ▁person a : ▁I ▁am ▁prim arily ▁a ▁meat ▁e ater . [SEP] ▁your ▁person a : ▁I ▁am ▁a ▁guitar ▁player . [SEP] ▁your ▁person a : ▁We ld ing ▁is ▁my ▁career ▁field . [SEP] ▁your ▁person a : ▁My ▁parents ▁don ' t ▁know ▁I ▁am ▁g ay . [SEP] ▁How ▁are ▁you ▁doing ▁today	▁What ▁do ▁you ▁do ▁for ▁career ? ▁I ▁have ▁a ▁ton ▁of ▁hob bies ▁if ▁you ▁are ▁interested !
▁your ▁person a : ▁I ▁am ▁prim arily ▁a ▁meat ▁e ater . [SEP] ▁your ▁person a : ▁I ▁am ▁a ▁guitar ▁player . [SEP] ▁your ▁person a : ▁We ld ing ▁is ▁my ▁career ▁field . [SEP] ▁your ▁person a : ▁My ▁parents ▁don ' t ▁know ▁I ▁am ▁g ay . [SEP] ▁How ▁are ▁you ▁doing ▁today [SEP] ▁What ▁do ▁you ▁do ▁for ▁career ? ▁I ▁have ▁a ▁ton ▁of ▁hob bies ▁if ▁you ▁are ▁interested ! [SEP] ▁I ▁like ▁to ▁watch ▁kids	▁I ▁actually ▁play ▁guitar ▁and ▁do ▁a ▁lot ▁of ▁man ly ▁things , ▁like ▁we ld ing .
▁your ▁person a : ▁I ▁am ▁prim arily ▁a ▁meat ▁e ater . [SEP] ▁your ▁person a : ▁I ▁am ▁a ▁guitar ▁player . [SEP] ▁your ▁person a : ▁We ld ing ▁is ▁my ▁career ▁field . [SEP] ▁your ▁person a : ▁My ▁parents ▁don ' t ▁know ▁I ▁am ▁g ay . [SEP] ▁How ▁are ▁you ▁doing ▁today [SEP] ▁What ▁do ▁you ▁do ▁for ▁career ? ▁I ▁have ▁a ▁ton ▁of ▁hob bies ▁if ▁you ▁are ▁interested ! [SEP] ▁I ▁like ▁to ▁watch ▁kids [SEP] ▁I ▁actually ▁play ▁guitar ▁and ▁do ▁a ▁lot ▁of ▁man ly ▁things , ▁like ▁we ld ing . [SEP] ▁What ▁do ▁you ▁we ld ? ▁H ous es ?	▁Everything ! ▁I ▁am ▁actually ▁man ly . ▁But ▁I ' ve ▁a ▁secret ▁I ▁am ▁h iding .
▁your ▁person a : ▁I ▁am ▁prim arily ▁a ▁meat ▁e ater . [SEP] ▁your ▁person a : ▁I ▁am ▁a ▁guitar ▁player . [SEP] ▁your ▁person a : ▁We ld ing ▁is ▁my ▁career ▁field . [SEP] ▁your ▁person a : ▁My ▁parents ▁don ' t ▁know ▁I ▁am ▁g ay . [SEP] ▁How ▁are ▁you ▁doing ▁today [SEP] ▁What ▁do ▁you ▁do ▁for ▁career ? ▁I ▁have ▁a ▁ton ▁of ▁hob bies ▁if ▁you ▁are ▁interested ! [SEP] ▁I ▁like ▁to ▁watch ▁kids [SEP] ▁I ▁actually ▁play ▁guitar ▁and ▁do ▁a ▁lot ▁of ▁man ly ▁things , ▁like ▁we ld ing . [SEP] ▁What ▁do ▁you ▁we ld ? ▁H ous es ? [SEP] ▁Everything ! ▁I ▁am ▁actually ▁man ly . ▁But ▁I ' ve ▁a ▁secret ▁I ▁am ▁h iding . [SEP] ▁What ▁is ▁your ▁secret ▁that ▁you ▁have	▁My ▁parents ▁don ' t ▁know ▁that ▁I ' m ... ▁H om ose x ual .
▁your ▁person a : ▁I ▁am ▁prim arily ▁a ▁meat ▁e ater . [SEP] ▁your ▁person a : ▁I ▁am ▁a ▁guitar ▁player . [SEP] ▁your ▁person a : ▁We ld ing ▁is ▁my ▁career ▁field . [SEP] ▁your ▁person a : ▁My ▁parents ▁don ' t ▁know ▁I ▁am ▁g ay . [SEP] ▁How ▁are ▁you ▁doing ▁today [SEP] ▁What ▁do ▁you ▁do ▁for ▁career ? ▁I ▁have ▁a ▁ton ▁of ▁hob bies ▁if ▁you ▁are ▁interested ! [SEP] ▁I ▁like ▁to ▁watch ▁kids [SEP] ▁I ▁actually ▁play ▁guitar ▁and ▁do ▁a ▁lot ▁of ▁man ly ▁things , ▁like ▁we ld ing . [SEP] ▁What ▁do ▁you ▁we ld ? ▁H ous es ? [SEP] ▁Everything ! ▁I ▁am ▁actually ▁man ly . ▁But ▁I ' ve ▁a ▁secret ▁I ▁am ▁h iding . [SEP] ▁What ▁is ▁your ▁secret ▁that ▁you ▁have [SEP] ▁My ▁parents ▁don ' t ▁know ▁that ▁I ' m ... ▁H om ose x ual . [SEP] ▁How ▁does ▁that ▁feel ▁for ▁you	▁Makes ▁me ▁sec ure ▁with ▁my ▁man ly ▁hobby ▁skills .
▁your ▁person a : ▁I ▁am ▁prim arily ▁a ▁meat ▁e ater . [SEP] ▁your ▁person a : ▁I ▁am ▁a ▁guitar ▁player . [SEP] ▁your ▁person a : ▁We ld ing ▁is ▁my ▁career ▁field . [SEP] ▁your ▁person a : ▁My ▁parents ▁don ' t ▁know ▁I ▁am ▁g ay . [SEP] ▁How ▁are ▁you ▁doing ▁today [SEP] ▁What ▁do ▁you ▁do ▁for ▁career ? ▁I ▁have ▁a ▁ton ▁of ▁hob bies ▁if ▁you ▁are ▁interested ! [SEP] ▁I ▁like ▁to ▁watch ▁kids [SEP] ▁I ▁actually ▁play ▁guitar ▁and ▁do ▁a ▁lot ▁of ▁man ly ▁things , ▁like ▁we ld ing . [SEP] ▁What ▁do ▁you ▁we ld ? ▁H ous es ? [SEP] ▁Everything ! ▁I ▁am ▁actually ▁man ly . ▁But ▁I ' ve ▁a ▁secret ▁I ▁am ▁h iding . [SEP] ▁What ▁is ▁your ▁secret ▁that ▁you ▁have [SEP] ▁My ▁parents ▁don ' t ▁know ▁that ▁I ' m ... ▁H om ose x ual . [SEP] ▁How ▁does ▁that ▁feel ▁for ▁you [SEP] ▁Makes ▁me ▁sec ure ▁with ▁my ▁man ly ▁hobby ▁skills . [SEP] ▁I ▁bet ▁that ▁it ▁does	▁Anyway . ▁What ▁do ▁you ▁do ?
▁your ▁person a : ▁I ▁am ▁prim arily ▁a ▁meat ▁e ater . [SEP] ▁your ▁person a : ▁I ▁am ▁a ▁guitar ▁player . [SEP] ▁your ▁person a : ▁We ld ing ▁is ▁my ▁career ▁field . [SEP] ▁your ▁person a : ▁My ▁parents ▁don ' t ▁know ▁I ▁am ▁g ay . [SEP] ▁How ▁are ▁you ▁doing ▁today [SEP] ▁What ▁do ▁you ▁do ▁for ▁career ? ▁I ▁have ▁a ▁ton ▁of ▁hob bies ▁if ▁you ▁are ▁interested ! [SEP] ▁I ▁like ▁to ▁watch ▁kids [SEP] ▁I ▁actually ▁play ▁guitar ▁and ▁do ▁a ▁lot ▁of ▁man ly ▁things , ▁like ▁we ld ing . [SEP] ▁What ▁do ▁you ▁we ld ? ▁H ous es ? [SEP] ▁Everything ! ▁I ▁am ▁actually ▁man ly . ▁But ▁I ' ve ▁a ▁secret ▁I ▁am ▁h iding . [SEP] ▁What ▁is ▁your ▁secret ▁that ▁you ▁have [SEP] ▁My ▁parents ▁don ' t ▁know ▁that ▁I ' m ... ▁H om ose x ual . [SEP] ▁How ▁does ▁that ▁feel ▁for ▁you [SEP] ▁Makes ▁me ▁sec ure ▁with ▁my ▁man ly ▁hobby ▁skills . [SEP] ▁I ▁bet ▁that ▁it ▁does [SEP] ▁Anyway . ▁What ▁do ▁you ▁do ? [SEP] ▁I ▁watch ▁kids ▁for ▁a ▁living	▁That ▁is ▁awesome . ▁Do ▁you ▁like ▁it ?
▁your ▁person a : ▁I ▁own ▁a ▁hear se . [SEP] ▁your ▁person a : ▁I ▁love ▁to ▁c ro ch et . [SEP] ▁your ▁person a : ▁I ▁like ▁alternative ▁rock . [SEP] ▁your ▁person a : ▁H allow een ▁is ▁my ▁favorite ▁holiday . [SEP] ▁Hello ▁friend , ▁how ▁is ▁it ▁going	▁I ▁am ▁well ▁an ▁you ? ▁I ▁have ▁a ▁creepy ▁ride . ▁Guess
▁your ▁person a : ▁I ▁own ▁a ▁hear se . [SEP] ▁your ▁person a : ▁I ▁love ▁to ▁c ro ch et . [SEP] ▁your ▁person a : ▁I ▁like ▁alternative ▁rock . [SEP] ▁your ▁person a : ▁H allow een ▁is ▁my ▁favorite ▁holiday . [SEP] ▁Hello ▁friend , ▁how ▁is ▁it ▁going [SEP] ▁I ▁am ▁well ▁an ▁you ? ▁I ▁have ▁a ▁creepy ▁ride . ▁Guess [SEP] ▁I ' m ▁great ▁enjoying ▁the ▁football ▁season	▁I ▁drive ▁around ▁in ▁a ▁long ▁black ▁hear se ▁an ▁love ▁this ▁season
▁your ▁person a : ▁I ▁own ▁a ▁hear se . [SEP] ▁your ▁person a : ▁I ▁love ▁to ▁c ro ch et . [SEP] ▁your ▁person a : ▁I ▁like ▁alternative ▁rock . [SEP] ▁your ▁person a : ▁H allow een ▁is ▁my ▁favorite ▁holiday . [SEP] ▁Hello ▁friend , ▁how ▁is ▁it ▁going [SEP] ▁I ▁am ▁well ▁an ▁you ? ▁I ▁have ▁a ▁creepy ▁ride . ▁Guess [SEP] ▁I ' m ▁great ▁enjoying ▁the ▁football ▁season [SEP] ▁I ▁drive ▁around ▁in ▁a ▁long ▁black ▁hear se ▁an ▁love ▁this ▁season [SEP] ▁You ▁work ▁for ▁a ▁fun eral ▁home ?	▁Yes ▁it ▁is ▁nice , ▁hall ow een ▁is ▁my ▁fav .
▁your ▁person a : ▁I ▁own ▁a ▁hear se . [SEP] ▁your ▁person a : ▁I ▁love ▁to ▁c ro ch et . [SEP] ▁your ▁person a : ▁I ▁like ▁alternative ▁rock . [SEP] ▁your ▁person a : ▁H allow een ▁is ▁my ▁favorite ▁holiday . [SEP] ▁Hello ▁friend , ▁how ▁is ▁it ▁going [SEP] ▁I ▁am ▁well ▁an ▁you ? ▁I ▁have ▁a ▁creepy ▁ride . ▁Guess [SEP] ▁I ' m ▁great ▁enjoying ▁the ▁football ▁season [SEP] ▁I ▁drive ▁around ▁in ▁a ▁long ▁black ▁hear se ▁an ▁love ▁this ▁season [SEP] ▁You ▁work ▁for ▁a ▁fun eral ▁home ? [SEP] ▁Yes ▁it ▁is ▁nice , ▁hall ow een ▁is ▁my ▁fav . [SEP] ▁Lol , ▁I ▁can ▁imagine . ▁I ' ll ▁be ▁reading ▁a ▁lot ▁when ▁football ▁is ▁over	▁No ▁I ▁don ' t ▁work ▁at ▁a ▁fun eral ▁home
▁your ▁person a : ▁I ▁own ▁a ▁hear se . [SEP] ▁your ▁person a : ▁I ▁love ▁to ▁c ro ch et . [SEP] ▁your ▁person a : ▁I ▁like ▁alternative ▁rock . [SEP] ▁your ▁person a : ▁H allow een ▁is ▁my ▁favorite ▁holiday . [SEP] ▁Hello ▁friend , ▁how ▁is ▁it ▁going [SEP] ▁I ▁am ▁well ▁an ▁you ? ▁I ▁have ▁a ▁creepy ▁ride . ▁Guess [SEP] ▁I ' m ▁great ▁enjoying ▁the ▁football ▁season [SEP] ▁I ▁drive ▁around ▁in ▁a ▁long ▁black ▁hear se ▁an ▁love ▁this ▁season [SEP] ▁You ▁work ▁for ▁a ▁fun eral ▁home ? [SEP] ▁Yes ▁it ▁is ▁nice , ▁hall ow een ▁is ▁my ▁fav . [SEP] ▁Lol , ▁I ▁can ▁imagine . ▁I ' ll ▁be ▁reading ▁a ▁lot ▁when ▁football ▁is ▁over [SEP] ▁No ▁I ▁don ' t ▁work ▁at ▁a ▁fun eral ▁home [SEP] ▁Ok ▁I ▁see , ▁that ' s ▁your ▁hall ow een ▁cost ume	▁What ▁do ▁you ▁like ▁to ▁read ? ▁I ▁like ▁rock ▁alternative ▁music .
▁your ▁person a : ▁I ▁own ▁a ▁hear se . [SEP] ▁your ▁person a : ▁I ▁love ▁to ▁c ro ch et . [SEP] ▁your ▁person a : ▁I ▁like ▁alternative ▁rock . [SEP] ▁your ▁person a : ▁H allow een ▁is ▁my ▁favorite ▁holiday . [SEP] ▁Hello ▁friend , ▁how ▁is ▁it ▁going [SEP] ▁I ▁am ▁well ▁an ▁you ? ▁I ▁have ▁a ▁creepy ▁ride . ▁Guess [SEP] ▁I ' m ▁great ▁enjoying ▁the ▁football ▁season [SEP] ▁I ▁drive ▁around ▁in ▁a ▁long ▁black ▁hear se ▁an ▁love ▁this ▁season [SEP] ▁You ▁work ▁for ▁a ▁fun eral ▁home ? [SEP] ▁Yes ▁it ▁is ▁nice , ▁hall ow een ▁is ▁my ▁fav . [SEP] ▁Lol , ▁I ▁can ▁imagine . ▁I ' ll ▁be ▁reading ▁a ▁lot ▁when ▁football ▁is ▁over [SEP] ▁No ▁I ▁don ' t ▁work ▁at ▁a ▁fun eral ▁home [SEP] ▁Ok ▁I ▁see , ▁that ' s ▁your ▁hall ow een ▁cost ume [SEP] ▁What ▁do ▁you ▁like ▁to ▁read ? ▁I ▁like ▁rock ▁alternative ▁music . [SEP] ▁I ▁like ▁anything ▁to ▁do ▁with ▁my st ery	▁Oh ▁no ▁it ▁isn ' t ▁it ▁is ▁my ▁car ▁lol
▁your ▁person a : ▁I ▁own ▁a ▁hear se . [SEP] ▁your ▁person a : ▁I ▁love ▁to ▁c ro ch et . [SEP] ▁your ▁person a : ▁I ▁like ▁alternative ▁rock . [SEP] ▁your ▁person a : ▁H allow een ▁is ▁my ▁favorite ▁holiday . [SEP] ▁Hello ▁friend , ▁how ▁is ▁it ▁going [SEP] ▁I ▁am ▁well ▁an ▁you ? ▁I ▁have ▁a ▁creepy ▁ride . ▁Guess [SEP] ▁I ' m ▁great ▁enjoying ▁the ▁football ▁season [SEP] ▁I ▁drive ▁around ▁in ▁a ▁long ▁black ▁hear se ▁an ▁love ▁this ▁season [SEP] ▁You ▁work ▁for ▁a ▁fun eral ▁home ? [SEP] ▁Yes ▁it ▁is ▁nice , ▁hall ow een ▁is ▁my ▁fav . [SEP] ▁Lol , ▁I ▁can ▁imagine . ▁I ' ll ▁be ▁reading ▁a ▁lot ▁when ▁football ▁is ▁over [SEP] ▁No ▁I ▁don ' t ▁work ▁at ▁a ▁fun eral ▁home [SEP] ▁Ok ▁I ▁see , ▁that ' s ▁your ▁hall ow een ▁cost ume [SEP] ▁What ▁do ▁you ▁like ▁to ▁read ? ▁I ▁like ▁rock ▁alternative ▁music . [SEP] ▁I ▁like ▁anything ▁to ▁do ▁with ▁my st ery [SEP] ▁Oh ▁no ▁it ▁isn ' t ▁it ▁is ▁my ▁car ▁lol [SEP] ▁Lol , ▁oh ▁I ▁see , ▁taught ▁you ▁own ▁it	▁Me ▁also ▁what ▁is ▁your ▁favorite ?
▁your ▁person a : ▁I ▁own ▁a ▁hear se . [SEP] ▁your ▁person a : ▁I ▁love ▁to ▁c ro ch et . [SEP] ▁your ▁person a : ▁I ▁like ▁alternative ▁rock . [SEP] ▁your ▁person a : ▁H allow een ▁is ▁my ▁favorite ▁holiday . [SEP] ▁Hello ▁friend , ▁how ▁is ▁it ▁going [SEP] ▁I ▁am ▁well ▁an ▁you ? ▁I ▁have ▁a ▁creepy ▁ride . ▁Guess [SEP] ▁I ' m ▁great ▁enjoying ▁the ▁football ▁season [SEP] ▁I ▁drive ▁around ▁in ▁a ▁long ▁black ▁hear se ▁an ▁love ▁this ▁season [SEP] ▁You ▁work ▁for ▁a ▁fun eral ▁home ? [SEP] ▁Yes ▁it ▁is ▁nice , ▁hall ow een ▁is ▁my ▁fav . [SEP] ▁Lol , ▁I ▁can ▁imagine . ▁I ' ll ▁be ▁reading ▁a ▁lot ▁when ▁football ▁is ▁over [SEP] ▁No ▁I ▁don ' t ▁work ▁at ▁a ▁fun eral ▁home [SEP] ▁Ok ▁I ▁see , ▁that ' s ▁your ▁hall ow een ▁cost ume [SEP] ▁What ▁do ▁you ▁like ▁to ▁read ? ▁I ▁like ▁rock ▁alternative ▁music . [SEP] ▁I ▁like ▁anything ▁to ▁do ▁with ▁my st ery [SEP] ▁Oh ▁no ▁it ▁isn ' t ▁it ▁is ▁my ▁car ▁lol [SEP] ▁Lol , ▁oh ▁I ▁see , ▁taught ▁you ▁own ▁it [SEP] ▁Me ▁also ▁what ▁is ▁your ▁favorite ? [SEP] ▁Well ▁I ▁like ▁sh er lock ▁hol m es ▁and ▁others	▁I ▁do ▁own ▁it ▁I ▁think ▁there ▁is ▁conf usion ?
▁your ▁person a : ▁I ▁have ▁a ▁box er ▁dog . [SEP] ▁your ▁person a : ▁I ▁like ▁bath s . [SEP] ▁your ▁person a : ▁I ▁like ▁to ▁listen ▁to ▁music . [SEP] ▁your ▁person a : ▁My ▁father ▁lives ▁in ▁ch ina . [SEP] ▁Rock ▁on , ▁I ' m ▁listening ▁to ▁my ▁favorite ▁band ▁guns ▁and ▁ro ses .	▁No ▁kidding ? ▁I ▁was ▁just ▁listening ▁to ▁the ▁same ▁thing ▁while ▁taking ▁a ▁bath .
▁your ▁person a : ▁I ▁have ▁a ▁box er ▁dog . [SEP] ▁your ▁person a : ▁I ▁like ▁bath s . [SEP] ▁your ▁person a : ▁I ▁like ▁to ▁listen ▁to ▁music . [SEP] ▁your ▁person a : ▁My ▁father ▁lives ▁in ▁ch ina . [SEP] ▁Rock ▁on , ▁I ' m ▁listening ▁to ▁my ▁favorite ▁band ▁guns ▁and ▁ro ses . [SEP] ▁No ▁kidding ? ▁I ▁was ▁just ▁listening ▁to ▁the ▁same ▁thing ▁while ▁taking ▁a ▁bath . [SEP] ▁Of ▁course . ▁I ▁love ▁to ▁listen ▁to ▁rock .	▁Man ▁my ▁box er ▁just ▁pe ed ▁on ▁the ▁car pet !
▁your ▁person a : ▁I ▁have ▁a ▁box er ▁dog . [SEP] ▁your ▁person a : ▁I ▁like ▁bath s . [SEP] ▁your ▁person a : ▁I ▁like ▁to ▁listen ▁to ▁music . [SEP] ▁your ▁person a : ▁My ▁father ▁lives ▁in ▁ch ina . [SEP] ▁Rock ▁on , ▁I ' m ▁listening ▁to ▁my ▁favorite ▁band ▁guns ▁and ▁ro ses . [SEP] ▁No ▁kidding ? ▁I ▁was ▁just ▁listening ▁to ▁the ▁same ▁thing ▁while ▁taking ▁a ▁bath . [SEP] ▁Of ▁course . ▁I ▁love ▁to ▁listen ▁to ▁rock . [SEP] ▁Man ▁my ▁box er ▁just ▁pe ed ▁on ▁the ▁car pet ! [SEP] ▁Well ▁I ' m ▁into ▁black ▁everything . ▁So ▁at ▁least ▁it ▁wouldn ' t ▁show ▁on ▁my ▁black ▁car pet .	▁L l . ▁I ▁love ▁black ▁too ! ▁Guess ▁I ▁was ▁playing ▁my ▁music ▁too ▁loud .
▁your ▁person a : ▁I ▁have ▁a ▁box er ▁dog . [SEP] ▁your ▁person a : ▁I ▁like ▁bath s . [SEP] ▁your ▁person a : ▁I ▁like ▁to ▁listen ▁to ▁music . [SEP] ▁your ▁person a : ▁My ▁father ▁lives ▁in ▁ch ina . [SEP] ▁Rock ▁on , ▁I ' m ▁listening ▁to ▁my ▁favorite ▁band ▁guns ▁and ▁ro ses . [SEP] ▁No ▁kidding ? ▁I ▁was ▁just ▁listening ▁to ▁the ▁same ▁thing ▁while ▁taking ▁a ▁bath . [SEP] ▁Of ▁course . ▁I ▁love ▁to ▁listen ▁to ▁rock . [SEP] ▁Man ▁my ▁box er ▁just ▁pe ed ▁on ▁the ▁car pet ! [SEP] ▁Well ▁I ' m ▁into ▁black ▁everything . ▁So ▁at ▁least ▁it ▁wouldn ' t ▁show ▁on ▁my ▁black ▁car pet . [SEP] ▁L l . ▁I ▁love ▁black ▁too ! ▁Guess ▁I ▁was ▁playing ▁my ▁music ▁too ▁loud . [SEP] ▁I ' ve ▁a ▁black ▁car , ▁pur se , ▁wear ▁all ▁black .	▁Maybe ▁I ▁can ▁b orrow ▁something ▁as ▁I ▁am ▁p acking ▁to ▁visit ▁my ▁dad ▁in ▁ch ina .
▁your ▁person a : ▁I ▁have ▁a ▁box er ▁dog . [SEP] ▁your ▁person a : ▁I ▁like ▁bath s . [SEP] ▁your ▁person a : ▁I ▁like ▁to ▁listen ▁to ▁music . [SEP] ▁your ▁person a : ▁My ▁father ▁lives ▁in ▁ch ina . [SEP] ▁Rock ▁on , ▁I ' m ▁listening ▁to ▁my ▁favorite ▁band ▁guns ▁and ▁ro ses . [SEP] ▁No ▁kidding ? ▁I ▁was ▁just ▁listening ▁to ▁the ▁same ▁thing ▁while ▁taking ▁a ▁bath . [SEP] ▁Of ▁course . ▁I ▁love ▁to ▁listen ▁to ▁rock . [SEP] ▁Man ▁my ▁box er ▁just ▁pe ed ▁on ▁the ▁car pet ! [SEP] ▁Well ▁I ' m ▁into ▁black ▁everything . ▁So ▁at ▁least ▁it ▁wouldn ' t ▁show ▁on ▁my ▁black ▁car pet . [SEP] ▁L l . ▁I ▁love ▁black ▁too ! ▁Guess ▁I ▁was ▁playing ▁my ▁music ▁too ▁loud . [SEP] ▁I ' ve ▁a ▁black ▁car , ▁pur se , ▁wear ▁all ▁black . [SEP] ▁Maybe ▁I ▁can ▁b orrow ▁something ▁as ▁I ▁am ▁p acking ▁to ▁visit ▁my ▁dad ▁in ▁ch ina . [SEP] ▁Wow , ▁does ▁he ▁live ▁there ▁or ▁work ?	▁Live . ▁Mo ved ▁there ▁about ▁ten ▁years ▁ago ▁for ▁a ▁computer ▁tech ▁job .
▁your ▁person a : ▁I ▁have ▁a ▁box er ▁dog . [SEP] ▁your ▁person a : ▁I ▁like ▁bath s . [SEP] ▁your ▁person a : ▁I ▁like ▁to ▁listen ▁to ▁music . [SEP] ▁your ▁person a : ▁My ▁father ▁lives ▁in ▁ch ina . [SEP] ▁Rock ▁on , ▁I ' m ▁listening ▁to ▁my ▁favorite ▁band ▁guns ▁and ▁ro ses . [SEP] ▁No ▁kidding ? ▁I ▁was ▁just ▁listening ▁to ▁the ▁same ▁thing ▁while ▁taking ▁a ▁bath . [SEP] ▁Of ▁course . ▁I ▁love ▁to ▁listen ▁to ▁rock . [SEP] ▁Man ▁my ▁box er ▁just ▁pe ed ▁on ▁the ▁car pet ! [SEP] ▁Well ▁I ' m ▁into ▁black ▁everything . ▁So ▁at ▁least ▁it ▁wouldn ' t ▁show ▁on ▁my ▁black ▁car pet . [SEP] ▁L l . ▁I ▁love ▁black ▁too ! ▁Guess ▁I ▁was ▁playing ▁my ▁music ▁too ▁loud . [SEP] ▁I ' ve ▁a ▁black ▁car , ▁pur se , ▁wear ▁all ▁black . [SEP] ▁Maybe ▁I ▁can ▁b orrow ▁something ▁as ▁I ▁am ▁p acking ▁to ▁visit ▁my ▁dad ▁in ▁ch ina . [SEP] ▁Wow , ▁does ▁he ▁live ▁there ▁or ▁work ? [SEP] ▁Live . ▁Mo ved ▁there ▁about ▁ten ▁years ▁ago ▁for ▁a ▁computer ▁tech ▁job . [SEP] ▁Have ▁you ▁vis ited ▁him ▁there ▁before ?	▁Once . ▁You ▁cannot ▁even ▁throw ▁a ▁g um ▁wra pper ▁or ▁you ▁can ▁get ▁arrest ed .
▁your ▁person a : ▁I ▁have ▁a ▁box er ▁dog . [SEP] ▁your ▁person a : ▁I ▁like ▁bath s . [SEP] ▁your ▁person a : ▁I ▁like ▁to ▁listen ▁to ▁music . [SEP] ▁your ▁person a : ▁My ▁father ▁lives ▁in ▁ch ina . [SEP] ▁Rock ▁on , ▁I ' m ▁listening ▁to ▁my ▁favorite ▁band ▁guns ▁and ▁ro ses . [SEP] ▁No ▁kidding ? ▁I ▁was ▁just ▁listening ▁to ▁the ▁same ▁thing ▁while ▁taking ▁a ▁bath . [SEP] ▁Of ▁course . ▁I ▁love ▁to ▁listen ▁to ▁rock . [SEP] ▁Man ▁my ▁box er ▁just ▁pe ed ▁on ▁the ▁car pet ! [SEP] ▁Well ▁I ' m ▁into ▁black ▁everything . ▁So ▁at ▁least ▁it ▁wouldn ' t ▁show ▁on ▁my ▁black ▁car pet . [SEP] ▁L l . ▁I ▁love ▁black ▁too ! ▁Guess ▁I ▁was ▁playing ▁my ▁music ▁too ▁loud . [SEP] ▁I ' ve ▁a ▁black ▁car , ▁pur se , ▁wear ▁all ▁black . [SEP] ▁Maybe ▁I ▁can ▁b orrow ▁something ▁as ▁I ▁am ▁p acking ▁to ▁visit ▁my ▁dad ▁in ▁ch ina . [SEP] ▁Wow , ▁does ▁he ▁live ▁there ▁or ▁work ? [SEP] ▁Live . ▁Mo ved ▁there ▁about ▁ten ▁years ▁ago ▁for ▁a ▁computer ▁tech ▁job . [SEP] ▁Have ▁you ▁vis ited ▁him ▁there ▁before ? [SEP] ▁Once . ▁You ▁cannot ▁even ▁throw ▁a ▁g um ▁wra pper ▁or ▁you ▁can ▁get ▁arrest ed . [SEP] ▁Sounds ▁a ▁bit ▁scary . ▁I ▁ve ▁never ▁been .	▁Well ▁not ▁too ▁much ▁cr ime ▁there , ▁but ▁a ▁lot ▁of ▁people .
▁your ▁person a : ▁I ▁like ▁to ▁party . [SEP] ▁your ▁person a : ▁My ▁major ▁is ▁business . [SEP] ▁your ▁person a : ▁I ' m ▁in ▁college . [SEP] ▁your ▁person a : ▁I ▁love ▁the ▁beach . [SEP] ▁your ▁person a : ▁I ▁work ▁part ▁time ▁at ▁a ▁pizza ▁restaurant . [SEP] ▁Hi . ▁How ▁are ▁you ▁doing ▁today ?	▁Hi ▁I ▁am ▁great ▁just ▁finishing ▁up ▁some ▁home work ▁how ▁are ▁you
▁your ▁person a : ▁I ▁like ▁to ▁party . [SEP] ▁your ▁person a : ▁My ▁major ▁is ▁business . [SEP] ▁your ▁person a : ▁I ' m ▁in ▁college . [SEP] ▁your ▁person a : ▁I ▁love ▁the ▁beach . [SEP] ▁your ▁person a : ▁I ▁work ▁part ▁time ▁at ▁a ▁pizza ▁restaurant . [SEP] ▁Hi . ▁How ▁are ▁you ▁doing ▁today ? [SEP] ▁Hi ▁I ▁am ▁great ▁just ▁finishing ▁up ▁some ▁home work ▁how ▁are ▁you [SEP] ▁I ' m ▁alright . ▁I ▁just ▁got ▁done ▁writing .	▁Do ▁you ▁write ▁for ▁a ▁living ▁or ▁as ▁a ▁hobby
▁your ▁person a : ▁I ▁like ▁to ▁party . [SEP] ▁your ▁person a : ▁My ▁major ▁is ▁business . [SEP] ▁your ▁person a : ▁I ' m ▁in ▁college . [SEP] ▁your ▁person a : ▁I ▁love ▁the ▁beach . [SEP] ▁your ▁person a : ▁I ▁work ▁part ▁time ▁at ▁a ▁pizza ▁restaurant . [SEP] ▁Hi . ▁How ▁are ▁you ▁doing ▁today ? [SEP] ▁Hi ▁I ▁am ▁great ▁just ▁finishing ▁up ▁some ▁home work ▁how ▁are ▁you [SEP] ▁I ' m ▁alright . ▁I ▁just ▁got ▁done ▁writing . [SEP] ▁Do ▁you ▁write ▁for ▁a ▁living ▁or ▁as ▁a ▁hobby [SEP] ▁It ▁is ▁my ▁living . ▁I ▁like ▁culture .	▁That ▁sounds ▁like ▁a ▁fun ▁job . ▁I ▁am ▁a ▁business ▁major ▁but ▁have ▁a ▁part ▁time ▁job
▁your ▁person a : ▁I ▁like ▁to ▁party . [SEP] ▁your ▁person a : ▁My ▁major ▁is ▁business . [SEP] ▁your ▁person a : ▁I ' m ▁in ▁college . [SEP] ▁your ▁person a : ▁I ▁love ▁the ▁beach . [SEP] ▁your ▁person a : ▁I ▁work ▁part ▁time ▁at ▁a ▁pizza ▁restaurant . [SEP] ▁Hi . ▁How ▁are ▁you ▁doing ▁today ? [SEP] ▁Hi ▁I ▁am ▁great ▁just ▁finishing ▁up ▁some ▁home work ▁how ▁are ▁you [SEP] ▁I ' m ▁alright . ▁I ▁just ▁got ▁done ▁writing . [SEP] ▁Do ▁you ▁write ▁for ▁a ▁living ▁or ▁as ▁a ▁hobby [SEP] ▁It ▁is ▁my ▁living . ▁I ▁like ▁culture . [SEP] ▁That ▁sounds ▁like ▁a ▁fun ▁job . ▁I ▁am ▁a ▁business ▁major ▁but ▁have ▁a ▁part ▁time ▁job [SEP] ▁What ▁are ▁you ▁going ▁to ▁school ▁for	▁I ' m ▁trying ▁to ▁get ▁my ▁b a ▁in ▁fin ance
▁your ▁person a : ▁I ▁like ▁to ▁party . [SEP] ▁your ▁person a : ▁My ▁major ▁is ▁business . [SEP] ▁your ▁person a : ▁I ' m ▁in ▁college . [SEP] ▁your ▁person a : ▁I ▁love ▁the ▁beach . [SEP] ▁your ▁person a : ▁I ▁work ▁part ▁time ▁at ▁a ▁pizza ▁restaurant . [SEP] ▁Hi . ▁How ▁are ▁you ▁doing ▁today ? [SEP] ▁Hi ▁I ▁am ▁great ▁just ▁finishing ▁up ▁some ▁home work ▁how ▁are ▁you [SEP] ▁I ' m ▁alright . ▁I ▁just ▁got ▁done ▁writing . [SEP] ▁Do ▁you ▁write ▁for ▁a ▁living ▁or ▁as ▁a ▁hobby [SEP] ▁It ▁is ▁my ▁living . ▁I ▁like ▁culture . [SEP] ▁That ▁sounds ▁like ▁a ▁fun ▁job . ▁I ▁am ▁a ▁business ▁major ▁but ▁have ▁a ▁part ▁time ▁job [SEP] ▁What ▁are ▁you ▁going ▁to ▁school ▁for [SEP] ▁I ' m ▁trying ▁to ▁get ▁my ▁b a ▁in ▁fin ance [SEP] ▁Do ▁you ▁own ▁your ▁own ▁company	▁No ▁still ▁in ▁school ▁work ▁at ▁pizza ▁h ut ▁part ▁time
▁your ▁person a : ▁I ▁like ▁to ▁party . [SEP] ▁your ▁person a : ▁My ▁major ▁is ▁business . [SEP] ▁your ▁person a : ▁I ' m ▁in ▁college . [SEP] ▁your ▁person a : ▁I ▁love ▁the ▁beach . [SEP] ▁your ▁person a : ▁I ▁work ▁part ▁time ▁at ▁a ▁pizza ▁restaurant . [SEP] ▁Hi . ▁How ▁are ▁you ▁doing ▁today ? [SEP] ▁Hi ▁I ▁am ▁great ▁just ▁finishing ▁up ▁some ▁home work ▁how ▁are ▁you [SEP] ▁I ' m ▁alright . ▁I ▁just ▁got ▁done ▁writing . [SEP] ▁Do ▁you ▁write ▁for ▁a ▁living ▁or ▁as ▁a ▁hobby [SEP] ▁It ▁is ▁my ▁living . ▁I ▁like ▁culture . [SEP] ▁That ▁sounds ▁like ▁a ▁fun ▁job . ▁I ▁am ▁a ▁business ▁major ▁but ▁have ▁a ▁part ▁time ▁job [SEP] ▁What ▁are ▁you ▁going ▁to ▁school ▁for [SEP] ▁I ' m ▁trying ▁to ▁get ▁my ▁b a ▁in ▁fin ance [SEP] ▁Do ▁you ▁own ▁your ▁own ▁company [SEP] ▁No ▁still ▁in ▁school ▁work ▁at ▁pizza ▁h ut ▁part ▁time [SEP] ▁Do ▁you ▁get ▁free ▁pizza	▁No ▁but ▁I ▁do ▁get ▁a ▁good ▁deal .
▁your ▁person a : ▁I ▁like ▁to ▁party . [SEP] ▁your ▁person a : ▁My ▁major ▁is ▁business . [SEP] ▁your ▁person a : ▁I ' m ▁in ▁college . [SEP] ▁your ▁person a : ▁I ▁love ▁the ▁beach . [SEP] ▁your ▁person a : ▁I ▁work ▁part ▁time ▁at ▁a ▁pizza ▁restaurant . [SEP] ▁Hi . ▁How ▁are ▁you ▁doing ▁today ? [SEP] ▁Hi ▁I ▁am ▁great ▁just ▁finishing ▁up ▁some ▁home work ▁how ▁are ▁you [SEP] ▁I ' m ▁alright . ▁I ▁just ▁got ▁done ▁writing . [SEP] ▁Do ▁you ▁write ▁for ▁a ▁living ▁or ▁as ▁a ▁hobby [SEP] ▁It ▁is ▁my ▁living . ▁I ▁like ▁culture . [SEP] ▁That ▁sounds ▁like ▁a ▁fun ▁job . ▁I ▁am ▁a ▁business ▁major ▁but ▁have ▁a ▁part ▁time ▁job [SEP] ▁What ▁are ▁you ▁going ▁to ▁school ▁for [SEP] ▁I ' m ▁trying ▁to ▁get ▁my ▁b a ▁in ▁fin ance [SEP] ▁Do ▁you ▁own ▁your ▁own ▁company [SEP] ▁No ▁still ▁in ▁school ▁work ▁at ▁pizza ▁h ut ▁part ▁time [SEP] ▁Do ▁you ▁get ▁free ▁pizza [SEP] ▁No ▁but ▁I ▁do ▁get ▁a ▁good ▁deal . [SEP] ▁That ▁is ▁a ▁good ▁start	▁Yeah ▁it ▁is . ▁I ▁really ▁hope ▁they ▁have ▁a ▁fr at ▁party ▁again ▁soon
▁your ▁person a : ▁I ▁like ▁to ▁party . [SEP] ▁your ▁person a : ▁My ▁major ▁is ▁business . [SEP] ▁your ▁person a : ▁I ' m ▁in ▁college . [SEP] ▁your ▁person a : ▁I ▁love ▁the ▁beach . [SEP] ▁your ▁person a : ▁I ▁work ▁part ▁time ▁at ▁a ▁pizza ▁restaurant . [SEP] ▁Hi . ▁How ▁are ▁you ▁doing ▁today ? [SEP] ▁Hi ▁I ▁am ▁great ▁just ▁finishing ▁up ▁some ▁home work ▁how ▁are ▁you [SEP] ▁I ' m ▁alright . ▁I ▁just ▁got ▁done ▁writing . [SEP] ▁Do ▁you ▁write ▁for ▁a ▁living ▁or ▁as ▁a ▁hobby [SEP] ▁It ▁is ▁my ▁living . ▁I ▁like ▁culture . [SEP] ▁That ▁sounds ▁like ▁a ▁fun ▁job . ▁I ▁am ▁a ▁business ▁major ▁but ▁have ▁a ▁part ▁time ▁job [SEP] ▁What ▁are ▁you ▁going ▁to ▁school ▁for [SEP] ▁I ' m ▁trying ▁to ▁get ▁my ▁b a ▁in ▁fin ance [SEP] ▁Do ▁you ▁own ▁your ▁own ▁company [SEP] ▁No ▁still ▁in ▁school ▁work ▁at ▁pizza ▁h ut ▁part ▁time [SEP] ▁Do ▁you ▁get ▁free ▁pizza [SEP] ▁No ▁but ▁I ▁do ▁get ▁a ▁good ▁deal . [SEP] ▁That ▁is ▁a ▁good ▁start [SEP] ▁Yeah ▁it ▁is . ▁I ▁really ▁hope ▁they ▁have ▁a ▁fr at ▁party ▁again ▁soon [SEP] ▁I ▁used ▁to ▁party ▁a ▁lot	▁It ▁is ▁fun ▁I ▁can ' t ▁get ▁enough
▁your ▁person a : ▁I ▁m ▁from ▁te x as . [SEP] ▁your ▁person a : ▁I ▁like ▁basketball . [SEP] ▁your ▁person a : ▁I ▁work ▁many ▁hours . [SEP] ▁your ▁person a : ▁My ▁favorite ▁band ▁is ▁imagine ▁drag ons . [SEP] ▁Hi ▁how ▁are ▁you ▁today	▁Do ing ▁great . ▁I ▁had ▁the ▁day ▁off , ▁you ?
▁your ▁person a : ▁I ▁m ▁from ▁te x as . [SEP] ▁your ▁person a : ▁I ▁like ▁basketball . [SEP] ▁your ▁person a : ▁I ▁work ▁many ▁hours . [SEP] ▁your ▁person a : ▁My ▁favorite ▁band ▁is ▁imagine ▁drag ons . [SEP] ▁Hi ▁how ▁are ▁you ▁today [SEP] ▁Do ing ▁great . ▁I ▁had ▁the ▁day ▁off , ▁you ? [SEP] ▁I ▁only ▁worked ▁half ▁a ▁day ▁I ▁work ▁at ▁the ▁bank	▁That ▁is ▁nice . ▁I ▁work ▁a ▁lot
▁your ▁person a : ▁I ▁m ▁from ▁te x as . [SEP] ▁your ▁person a : ▁I ▁like ▁basketball . [SEP] ▁your ▁person a : ▁I ▁work ▁many ▁hours . [SEP] ▁your ▁person a : ▁My ▁favorite ▁band ▁is ▁imagine ▁drag ons . [SEP] ▁Hi ▁how ▁are ▁you ▁today [SEP] ▁Do ing ▁great . ▁I ▁had ▁the ▁day ▁off , ▁you ? [SEP] ▁I ▁only ▁worked ▁half ▁a ▁day ▁I ▁work ▁at ▁the ▁bank [SEP] ▁That ▁is ▁nice . ▁I ▁work ▁a ▁lot [SEP] ▁What ▁do ▁you ▁do ?	▁Just ▁office ▁work , ▁but ▁it ▁is ▁a ▁lot
▁your ▁person a : ▁I ▁m ▁from ▁te x as . [SEP] ▁your ▁person a : ▁I ▁like ▁basketball . [SEP] ▁your ▁person a : ▁I ▁work ▁many ▁hours . [SEP] ▁your ▁person a : ▁My ▁favorite ▁band ▁is ▁imagine ▁drag ons . [SEP] ▁Hi ▁how ▁are ▁you ▁today [SEP] ▁Do ing ▁great . ▁I ▁had ▁the ▁day ▁off , ▁you ? [SEP] ▁I ▁only ▁worked ▁half ▁a ▁day ▁I ▁work ▁at ▁the ▁bank [SEP] ▁That ▁is ▁nice . ▁I ▁work ▁a ▁lot [SEP] ▁What ▁do ▁you ▁do ? [SEP] ▁Just ▁office ▁work , ▁but ▁it ▁is ▁a ▁lot [SEP] ▁Oh ▁ok ▁I ' m ▁a ▁tell er ▁was ▁the ▁best ▁job ▁I ▁could ▁find ▁with ▁no ▁college	▁A ▁bank ▁tell er ▁is ▁a ▁good ▁job .
▁your ▁person a : ▁I ▁m ▁from ▁te x as . [SEP] ▁your ▁person a : ▁I ▁like ▁basketball . [SEP] ▁your ▁person a : ▁I ▁work ▁many ▁hours . [SEP] ▁your ▁person a : ▁My ▁favorite ▁band ▁is ▁imagine ▁drag ons . [SEP] ▁Hi ▁how ▁are ▁you ▁today [SEP] ▁Do ing ▁great . ▁I ▁had ▁the ▁day ▁off , ▁you ? [SEP] ▁I ▁only ▁worked ▁half ▁a ▁day ▁I ▁work ▁at ▁the ▁bank [SEP] ▁That ▁is ▁nice . ▁I ▁work ▁a ▁lot [SEP] ▁What ▁do ▁you ▁do ? [SEP] ▁Just ▁office ▁work , ▁but ▁it ▁is ▁a ▁lot [SEP] ▁Oh ▁ok ▁I ' m ▁a ▁tell er ▁was ▁the ▁best ▁job ▁I ▁could ▁find ▁with ▁no ▁college [SEP] ▁A ▁bank ▁tell er ▁is ▁a ▁good ▁job . [SEP] ▁Yes ▁it ▁does ▁pay ▁the ▁bills	▁When ▁I ' m ▁not ▁working ▁I ▁play ▁basket ▁ball ▁what ▁do ▁you ▁do ▁for ▁fun
▁your ▁person a : ▁I ▁m ▁from ▁te x as . [SEP] ▁your ▁person a : ▁I ▁like ▁basketball . [SEP] ▁your ▁person a : ▁I ▁work ▁many ▁hours . [SEP] ▁your ▁person a : ▁My ▁favorite ▁band ▁is ▁imagine ▁drag ons . [SEP] ▁Hi ▁how ▁are ▁you ▁today [SEP] ▁Do ing ▁great . ▁I ▁had ▁the ▁day ▁off , ▁you ? [SEP] ▁I ▁only ▁worked ▁half ▁a ▁day ▁I ▁work ▁at ▁the ▁bank [SEP] ▁That ▁is ▁nice . ▁I ▁work ▁a ▁lot [SEP] ▁What ▁do ▁you ▁do ? [SEP] ▁Just ▁office ▁work , ▁but ▁it ▁is ▁a ▁lot [SEP] ▁Oh ▁ok ▁I ' m ▁a ▁tell er ▁was ▁the ▁best ▁job ▁I ▁could ▁find ▁with ▁no ▁college [SEP] ▁A ▁bank ▁tell er ▁is ▁a ▁good ▁job . [SEP] ▁Yes ▁it ▁does ▁pay ▁the ▁bills [SEP] ▁When ▁I ' m ▁not ▁working ▁I ▁play ▁basket ▁ball ▁what ▁do ▁you ▁do ▁for ▁fun [SEP] ▁I ▁h ike ▁at ▁the ▁park	▁That ▁sounds ▁relax ing , ▁I ▁suppose
▁your ▁person a : ▁I ▁m ▁from ▁te x as . [SEP] ▁your ▁person a : ▁I ▁like ▁basketball . [SEP] ▁your ▁person a : ▁I ▁work ▁many ▁hours . [SEP] ▁your ▁person a : ▁My ▁favorite ▁band ▁is ▁imagine ▁drag ons . [SEP] ▁Hi ▁how ▁are ▁you ▁today [SEP] ▁Do ing ▁great . ▁I ▁had ▁the ▁day ▁off , ▁you ? [SEP] ▁I ▁only ▁worked ▁half ▁a ▁day ▁I ▁work ▁at ▁the ▁bank [SEP] ▁That ▁is ▁nice . ▁I ▁work ▁a ▁lot [SEP] ▁What ▁do ▁you ▁do ? [SEP] ▁Just ▁office ▁work , ▁but ▁it ▁is ▁a ▁lot [SEP] ▁Oh ▁ok ▁I ' m ▁a ▁tell er ▁was ▁the ▁best ▁job ▁I ▁could ▁find ▁with ▁no ▁college [SEP] ▁A ▁bank ▁tell er ▁is ▁a ▁good ▁job . [SEP] ▁Yes ▁it ▁does ▁pay ▁the ▁bills [SEP] ▁When ▁I ' m ▁not ▁working ▁I ▁play ▁basket ▁ball ▁what ▁do ▁you ▁do ▁for ▁fun [SEP] ▁I ▁h ike ▁at ▁the ▁park [SEP] ▁That ▁sounds ▁relax ing , ▁I ▁suppose [SEP] ▁I ▁love ▁nature ▁and ▁it ▁keeps ▁my ▁mind ▁off ▁things . ▁Do ▁you ▁travel	▁Not ▁much . ▁I ▁should ▁though ▁while ▁I ' m ▁young
▁your ▁person a : ▁I ▁m ▁from ▁te x as . [SEP] ▁your ▁person a : ▁I ▁like ▁basketball . [SEP] ▁your ▁person a : ▁I ▁work ▁many ▁hours . [SEP] ▁your ▁person a : ▁My ▁favorite ▁band ▁is ▁imagine ▁drag ons . [SEP] ▁Hi ▁how ▁are ▁you ▁today [SEP] ▁Do ing ▁great . ▁I ▁had ▁the ▁day ▁off , ▁you ? [SEP] ▁I ▁only ▁worked ▁half ▁a ▁day ▁I ▁work ▁at ▁the ▁bank [SEP] ▁That ▁is ▁nice . ▁I ▁work ▁a ▁lot [SEP] ▁What ▁do ▁you ▁do ? [SEP] ▁Just ▁office ▁work , ▁but ▁it ▁is ▁a ▁lot [SEP] ▁Oh ▁ok ▁I ' m ▁a ▁tell er ▁was ▁the ▁best ▁job ▁I ▁could ▁find ▁with ▁no ▁college [SEP] ▁A ▁bank ▁tell er ▁is ▁a ▁good ▁job . [SEP] ▁Yes ▁it ▁does ▁pay ▁the ▁bills [SEP] ▁When ▁I ' m ▁not ▁working ▁I ▁play ▁basket ▁ball ▁what ▁do ▁you ▁do ▁for ▁fun [SEP] ▁I ▁h ike ▁at ▁the ▁park [SEP] ▁That ▁sounds ▁relax ing , ▁I ▁suppose [SEP] ▁I ▁love ▁nature ▁and ▁it ▁keeps ▁my ▁mind ▁off ▁things . ▁Do ▁you ▁travel [SEP] ▁Not ▁much . ▁I ▁should ▁though ▁while ▁I ' m ▁young [SEP] ▁I ▁want ▁to ▁go ▁to ▁another ▁country ▁at ▁least ▁once . ▁I ▁have ▁never ▁left ▁the ▁states	▁Me ▁either . ▁We ▁could ▁go ▁together !
▁your ▁person a : ▁I ▁like ▁to ▁travel . [SEP] ▁your ▁person a : ▁I ' ve ▁trave led ▁to ▁both ▁i re land ▁and ▁a ust ral ia . [SEP] ▁your ▁person a : ▁My ▁father ▁was ▁born ▁in ▁a ust ral ia . [SEP] ▁your ▁person a : ▁My ▁father ▁was ▁an ▁author . [SEP] ▁Hello , ▁how ▁are ▁you ▁today ?	▁I ▁am ▁well , ▁how ▁are ▁you ?
▁your ▁person a : ▁I ▁like ▁to ▁travel . [SEP] ▁your ▁person a : ▁I ' ve ▁trave led ▁to ▁both ▁i re land ▁and ▁a ust ral ia . [SEP] ▁your ▁person a : ▁My ▁father ▁was ▁born ▁in ▁a ust ral ia . [SEP] ▁your ▁person a : ▁My ▁father ▁was ▁an ▁author . [SEP] ▁Hello , ▁how ▁are ▁you ▁today ? [SEP] ▁I ▁am ▁well , ▁how ▁are ▁you ? [SEP] ▁I ' m ▁very ▁good . ▁Did ▁you ▁watch ▁the ▁football ▁games ▁today ?	▁No ▁but ▁my ▁s ons ▁are ▁watching ▁a ▁game ▁right ▁now
▁your ▁person a : ▁I ▁like ▁to ▁travel . [SEP] ▁your ▁person a : ▁I ' ve ▁trave led ▁to ▁both ▁i re land ▁and ▁a ust ral ia . [SEP] ▁your ▁person a : ▁My ▁father ▁was ▁born ▁in ▁a ust ral ia . [SEP] ▁your ▁person a : ▁My ▁father ▁was ▁an ▁author . [SEP] ▁Hello , ▁how ▁are ▁you ▁today ? [SEP] ▁I ▁am ▁well , ▁how ▁are ▁you ? [SEP] ▁I ' m ▁very ▁good . ▁Did ▁you ▁watch ▁the ▁football ▁games ▁today ? [SEP] ▁No ▁but ▁my ▁s ons ▁are ▁watching ▁a ▁game ▁right ▁now [SEP] ▁What ▁do ▁you ▁do ▁for ▁a ▁living ? ▁I ▁proof read ▁for ▁hall mark .	▁Cool ... ▁I ▁followed ▁my ▁father ▁and ▁became ▁an ▁author
▁your ▁person a : ▁I ▁like ▁to ▁travel . [SEP] ▁your ▁person a : ▁I ' ve ▁trave led ▁to ▁both ▁i re land ▁and ▁a ust ral ia . [SEP] ▁your ▁person a : ▁My ▁father ▁was ▁born ▁in ▁a ust ral ia . [SEP] ▁your ▁person a : ▁My ▁father ▁was ▁an ▁author . [SEP] ▁Hello , ▁how ▁are ▁you ▁today ? [SEP] ▁I ▁am ▁well , ▁how ▁are ▁you ? [SEP] ▁I ' m ▁very ▁good . ▁Did ▁you ▁watch ▁the ▁football ▁games ▁today ? [SEP] ▁No ▁but ▁my ▁s ons ▁are ▁watching ▁a ▁game ▁right ▁now [SEP] ▁What ▁do ▁you ▁do ▁for ▁a ▁living ? ▁I ▁proof read ▁for ▁hall mark . [SEP] ▁Cool ... ▁I ▁followed ▁my ▁father ▁and ▁became ▁an ▁author [SEP] ▁B ooks ▁are ▁my ▁greatest ▁ple asure , ▁I ▁have ▁a ▁nice ▁little ▁library ▁I ' m ▁building .	▁Awesome ... ▁Nothing ▁like ▁fill ing ▁your ▁mind ▁with ▁lit erat ure
▁your ▁person a : ▁I ▁like ▁to ▁travel . [SEP] ▁your ▁person a : ▁I ' ve ▁trave led ▁to ▁both ▁i re land ▁and ▁a ust ral ia . [SEP] ▁your ▁person a : ▁My ▁father ▁was ▁born ▁in ▁a ust ral ia . [SEP] ▁your ▁person a : ▁My ▁father ▁was ▁an ▁author . [SEP] ▁Hello , ▁how ▁are ▁you ▁today ? [SEP] ▁I ▁am ▁well , ▁how ▁are ▁you ? [SEP] ▁I ' m ▁very ▁good . ▁Did ▁you ▁watch ▁the ▁football ▁games ▁today ? [SEP] ▁No ▁but ▁my ▁s ons ▁are ▁watching ▁a ▁game ▁right ▁now [SEP] ▁What ▁do ▁you ▁do ▁for ▁a ▁living ? ▁I ▁proof read ▁for ▁hall mark . [SEP] ▁Cool ... ▁I ▁followed ▁my ▁father ▁and ▁became ▁an ▁author [SEP] ▁B ooks ▁are ▁my ▁greatest ▁ple asure , ▁I ▁have ▁a ▁nice ▁little ▁library ▁I ' m ▁building . [SEP] ▁Awesome ... ▁Nothing ▁like ▁fill ing ▁your ▁mind ▁with ▁lit erat ure [SEP] ▁I ▁agree . ▁Have ▁you ▁seen ▁good f ell as ?	▁Not ▁much ▁of ▁a ▁tv ▁guy ▁since ▁I ▁am ▁always ▁trave ling
▁your ▁person a : ▁I ▁like ▁to ▁travel . [SEP] ▁your ▁person a : ▁I ' ve ▁trave led ▁to ▁both ▁i re land ▁and ▁a ust ral ia . [SEP] ▁your ▁person a : ▁My ▁father ▁was ▁born ▁in ▁a ust ral ia . [SEP] ▁your ▁person a : ▁My ▁father ▁was ▁an ▁author . [SEP] ▁Hello , ▁how ▁are ▁you ▁today ? [SEP] ▁I ▁am ▁well , ▁how ▁are ▁you ? [SEP] ▁I ' m ▁very ▁good . ▁Did ▁you ▁watch ▁the ▁football ▁games ▁today ? [SEP] ▁No ▁but ▁my ▁s ons ▁are ▁watching ▁a ▁game ▁right ▁now [SEP] ▁What ▁do ▁you ▁do ▁for ▁a ▁living ? ▁I ▁proof read ▁for ▁hall mark . [SEP] ▁Cool ... ▁I ▁followed ▁my ▁father ▁and ▁became ▁an ▁author [SEP] ▁B ooks ▁are ▁my ▁greatest ▁ple asure , ▁I ▁have ▁a ▁nice ▁little ▁library ▁I ' m ▁building . [SEP] ▁Awesome ... ▁Nothing ▁like ▁fill ing ▁your ▁mind ▁with ▁lit erat ure [SEP] ▁I ▁agree . ▁Have ▁you ▁seen ▁good f ell as ? [SEP] ▁Not ▁much ▁of ▁a ▁tv ▁guy ▁since ▁I ▁am ▁always ▁trave ling [SEP] ▁I ▁catch ▁the ▁football ▁and ▁hockey ▁games .	▁Have ▁you ▁ever ▁trave led ▁before ?
▁your ▁person a : ▁I ▁like ▁to ▁travel . [SEP] ▁your ▁person a : ▁I ' ve ▁trave led ▁to ▁both ▁i re land ▁and ▁a ust ral ia . [SEP] ▁your ▁person a : ▁My ▁father ▁was ▁born ▁in ▁a ust ral ia . [SEP] ▁your ▁person a : ▁My ▁father ▁was ▁an ▁author . [SEP] ▁Hello , ▁how ▁are ▁you ▁today ? [SEP] ▁I ▁am ▁well , ▁how ▁are ▁you ? [SEP] ▁I ' m ▁very ▁good . ▁Did ▁you ▁watch ▁the ▁football ▁games ▁today ? [SEP] ▁No ▁but ▁my ▁s ons ▁are ▁watching ▁a ▁game ▁right ▁now [SEP] ▁What ▁do ▁you ▁do ▁for ▁a ▁living ? ▁I ▁proof read ▁for ▁hall mark . [SEP] ▁Cool ... ▁I ▁followed ▁my ▁father ▁and ▁became ▁an ▁author [SEP] ▁B ooks ▁are ▁my ▁greatest ▁ple asure , ▁I ▁have ▁a ▁nice ▁little ▁library ▁I ' m ▁building . [SEP] ▁Awesome ... ▁Nothing ▁like ▁fill ing ▁your ▁mind ▁with ▁lit erat ure [SEP] ▁I ▁agree . ▁Have ▁you ▁seen ▁good f ell as ? [SEP] ▁Not ▁much ▁of ▁a ▁tv ▁guy ▁since ▁I ▁am ▁always ▁trave ling [SEP] ▁I ▁catch ▁the ▁football ▁and ▁hockey ▁games . [SEP] ▁Have ▁you ▁ever ▁trave led ▁before ? [SEP] ▁I ▁do . ▁I ▁travel ▁ext ensive ly ▁to ▁e urope ▁and ▁south ▁am er ica .	▁I re land ▁and ▁a ust ral ia ▁are ▁my ▁go ▁to ▁places
▁your ▁person a : ▁I ▁like ▁to ▁travel . [SEP] ▁your ▁person a : ▁I ' ve ▁trave led ▁to ▁both ▁i re land ▁and ▁a ust ral ia . [SEP] ▁your ▁person a : ▁My ▁father ▁was ▁born ▁in ▁a ust ral ia . [SEP] ▁your ▁person a : ▁My ▁father ▁was ▁an ▁author . [SEP] ▁Hello , ▁how ▁are ▁you ▁today ? [SEP] ▁I ▁am ▁well , ▁how ▁are ▁you ? [SEP] ▁I ' m ▁very ▁good . ▁Did ▁you ▁watch ▁the ▁football ▁games ▁today ? [SEP] ▁No ▁but ▁my ▁s ons ▁are ▁watching ▁a ▁game ▁right ▁now [SEP] ▁What ▁do ▁you ▁do ▁for ▁a ▁living ? ▁I ▁proof read ▁for ▁hall mark . [SEP] ▁Cool ... ▁I ▁followed ▁my ▁father ▁and ▁became ▁an ▁author [SEP] ▁B ooks ▁are ▁my ▁greatest ▁ple asure , ▁I ▁have ▁a ▁nice ▁little ▁library ▁I ' m ▁building . [SEP] ▁Awesome ... ▁Nothing ▁like ▁fill ing ▁your ▁mind ▁with ▁lit erat ure [SEP] ▁I ▁agree . ▁Have ▁you ▁seen ▁good f ell as ? [SEP] ▁Not ▁much ▁of ▁a ▁tv ▁guy ▁since ▁I ▁am ▁always ▁trave ling [SEP] ▁I ▁catch ▁the ▁football ▁and ▁hockey ▁games . [SEP] ▁Have ▁you ▁ever ▁trave led ▁before ? [SEP] ▁I ▁do . ▁I ▁travel ▁ext ensive ly ▁to ▁e urope ▁and ▁south ▁am er ica . [SEP] ▁I re land ▁and ▁a ust ral ia ▁are ▁my ▁go ▁to ▁places [SEP] ▁I re land ▁is ▁very ▁nice , ▁j apan ▁is ▁my ▁next ▁stop .	▁Never ▁been ▁there . ▁I ▁heard ▁they ▁are ▁very ▁friendly ▁people
▁your ▁person a : ▁I ▁love ▁to ▁sing . [SEP] ▁your ▁person a : ▁I ▁am ▁a ▁night ▁ow l . [SEP] ▁your ▁person a : ▁I ' m ▁a ▁d anc er . [SEP] ▁your ▁person a : ▁I ▁can ▁play ▁the ▁p ian o . [SEP] ▁your ▁person a : ▁I ' m ▁a ▁veget arian . [SEP] ▁Hi ▁I ▁am ▁s ally , ▁I ▁live ▁with ▁my ▁sweet ▁dogs ▁in ▁ta os , ▁new ▁me x ico .	▁Hi ! ▁I ' ve ▁just ▁been ▁sitting ▁here ▁playing ▁the ▁p ian o ▁and ▁sing ing ▁along
▁your ▁person a : ▁I ▁love ▁to ▁sing . [SEP] ▁your ▁person a : ▁I ▁am ▁a ▁night ▁ow l . [SEP] ▁your ▁person a : ▁I ' m ▁a ▁d anc er . [SEP] ▁your ▁person a : ▁I ▁can ▁play ▁the ▁p ian o . [SEP] ▁your ▁person a : ▁I ' m ▁a ▁veget arian . [SEP] ▁Hi ▁I ▁am ▁s ally , ▁I ▁live ▁with ▁my ▁sweet ▁dogs ▁in ▁ta os , ▁new ▁me x ico . [SEP] ▁Hi ! ▁I ' ve ▁just ▁been ▁sitting ▁here ▁playing ▁the ▁p ian o ▁and ▁sing ing ▁along [SEP] ▁I ' ve ▁wonderful ▁memories ▁of ▁my ▁mother ▁playing ▁and ▁sing ing ▁to ▁me .	▁W ww . ▁I ▁also ▁like ▁to ▁dance ▁but ▁I ▁cannot ▁do ▁that ▁while ▁I ' m ▁playing .. ▁Lol
▁your ▁person a : ▁I ▁love ▁to ▁sing . [SEP] ▁your ▁person a : ▁I ▁am ▁a ▁night ▁ow l . [SEP] ▁your ▁person a : ▁I ' m ▁a ▁d anc er . [SEP] ▁your ▁person a : ▁I ▁can ▁play ▁the ▁p ian o . [SEP] ▁your ▁person a : ▁I ' m ▁a ▁veget arian . [SEP] ▁Hi ▁I ▁am ▁s ally , ▁I ▁live ▁with ▁my ▁sweet ▁dogs ▁in ▁ta os , ▁new ▁me x ico . [SEP] ▁Hi ! ▁I ' ve ▁just ▁been ▁sitting ▁here ▁playing ▁the ▁p ian o ▁and ▁sing ing ▁along [SEP] ▁I ' ve ▁wonderful ▁memories ▁of ▁my ▁mother ▁playing ▁and ▁sing ing ▁to ▁me . [SEP] ▁W ww . ▁I ▁also ▁like ▁to ▁dance ▁but ▁I ▁cannot ▁do ▁that ▁while ▁I ' m ▁playing .. ▁Lol [SEP] ▁Maybe ▁you ▁will ▁have ▁to ▁record ▁your ▁playing ▁and ▁dance ▁to ▁it .	▁Great ▁idea ! ▁Love ▁staying ▁up ▁late ▁so ▁I ▁could ▁do ▁that ▁even ▁tonight
▁your ▁person a : ▁I ▁love ▁to ▁sing . [SEP] ▁your ▁person a : ▁I ▁am ▁a ▁night ▁ow l . [SEP] ▁your ▁person a : ▁I ' m ▁a ▁d anc er . [SEP] ▁your ▁person a : ▁I ▁can ▁play ▁the ▁p ian o . [SEP] ▁your ▁person a : ▁I ' m ▁a ▁veget arian . [SEP] ▁Hi ▁I ▁am ▁s ally , ▁I ▁live ▁with ▁my ▁sweet ▁dogs ▁in ▁ta os , ▁new ▁me x ico . [SEP] ▁Hi ! ▁I ' ve ▁just ▁been ▁sitting ▁here ▁playing ▁the ▁p ian o ▁and ▁sing ing ▁along [SEP] ▁I ' ve ▁wonderful ▁memories ▁of ▁my ▁mother ▁playing ▁and ▁sing ing ▁to ▁me . [SEP] ▁W ww . ▁I ▁also ▁like ▁to ▁dance ▁but ▁I ▁cannot ▁do ▁that ▁while ▁I ' m ▁playing .. ▁Lol [SEP] ▁Maybe ▁you ▁will ▁have ▁to ▁record ▁your ▁playing ▁and ▁dance ▁to ▁it . [SEP] ▁Great ▁idea ! ▁Love ▁staying ▁up ▁late ▁so ▁I ▁could ▁do ▁that ▁even ▁tonight [SEP] ▁Do ▁you ▁have ▁a ▁day ▁job ?	▁I ' m ▁a ▁n ur se ▁who ▁teach es ▁nut r ition ▁classes
▁your ▁person a : ▁I ▁love ▁to ▁sing . [SEP] ▁your ▁person a : ▁I ▁am ▁a ▁night ▁ow l . [SEP] ▁your ▁person a : ▁I ' m ▁a ▁d anc er . [SEP] ▁your ▁person a : ▁I ▁can ▁play ▁the ▁p ian o . [SEP] ▁your ▁person a : ▁I ' m ▁a ▁veget arian . [SEP] ▁Hi ▁I ▁am ▁s ally , ▁I ▁live ▁with ▁my ▁sweet ▁dogs ▁in ▁ta os , ▁new ▁me x ico . [SEP] ▁Hi ! ▁I ' ve ▁just ▁been ▁sitting ▁here ▁playing ▁the ▁p ian o ▁and ▁sing ing ▁along [SEP] ▁I ' ve ▁wonderful ▁memories ▁of ▁my ▁mother ▁playing ▁and ▁sing ing ▁to ▁me . [SEP] ▁W ww . ▁I ▁also ▁like ▁to ▁dance ▁but ▁I ▁cannot ▁do ▁that ▁while ▁I ' m ▁playing .. ▁Lol [SEP] ▁Maybe ▁you ▁will ▁have ▁to ▁record ▁your ▁playing ▁and ▁dance ▁to ▁it . [SEP] ▁Great ▁idea ! ▁Love ▁staying ▁up ▁late ▁so ▁I ▁could ▁do ▁that ▁even ▁tonight [SEP] ▁Do ▁you ▁have ▁a ▁day ▁job ? [SEP] ▁I ' m ▁a ▁n ur se ▁who ▁teach es ▁nut r ition ▁classes [SEP] ▁Interesting , ▁I ' m ▁a ▁struggling ▁artist ▁and ▁part ▁time ▁tutor	▁Since ▁being ▁a ▁veget arian ▁I ▁feel ▁its ▁important ▁to ▁instruct ▁people ▁how ▁to ▁eat
▁your ▁person a : ▁I ▁love ▁to ▁sing . [SEP] ▁your ▁person a : ▁I ▁am ▁a ▁night ▁ow l . [SEP] ▁your ▁person a : ▁I ' m ▁a ▁d anc er . [SEP] ▁your ▁person a : ▁I ▁can ▁play ▁the ▁p ian o . [SEP] ▁your ▁person a : ▁I ' m ▁a ▁veget arian . [SEP] ▁Hi ▁I ▁am ▁s ally , ▁I ▁live ▁with ▁my ▁sweet ▁dogs ▁in ▁ta os , ▁new ▁me x ico . [SEP] ▁Hi ! ▁I ' ve ▁just ▁been ▁sitting ▁here ▁playing ▁the ▁p ian o ▁and ▁sing ing ▁along [SEP] ▁I ' ve ▁wonderful ▁memories ▁of ▁my ▁mother ▁playing ▁and ▁sing ing ▁to ▁me . [SEP] ▁W ww . ▁I ▁also ▁like ▁to ▁dance ▁but ▁I ▁cannot ▁do ▁that ▁while ▁I ' m ▁playing .. ▁Lol [SEP] ▁Maybe ▁you ▁will ▁have ▁to ▁record ▁your ▁playing ▁and ▁dance ▁to ▁it . [SEP] ▁Great ▁idea ! ▁Love ▁staying ▁up ▁late ▁so ▁I ▁could ▁do ▁that ▁even ▁tonight [SEP] ▁Do ▁you ▁have ▁a ▁day ▁job ? [SEP] ▁I ' m ▁a ▁n ur se ▁who ▁teach es ▁nut r ition ▁classes [SEP] ▁Interesting , ▁I ' m ▁a ▁struggling ▁artist ▁and ▁part ▁time ▁tutor [SEP] ▁Since ▁being ▁a ▁veget arian ▁I ▁feel ▁its ▁important ▁to ▁instruct ▁people ▁how ▁to ▁eat [SEP] ▁Great ▁commit ment ▁to ▁your ▁belie fs . ▁I ▁admit ▁I ▁still ▁eat ▁meat ▁only ▁less .	▁That ' s ▁ok ▁everything ▁in ▁mod eration !
▁your ▁person a : ▁I ▁love ▁to ▁sing . [SEP] ▁your ▁person a : ▁I ▁am ▁a ▁night ▁ow l . [SEP] ▁your ▁person a : ▁I ' m ▁a ▁d anc er . [SEP] ▁your ▁person a : ▁I ▁can ▁play ▁the ▁p ian o . [SEP] ▁your ▁person a : ▁I ' m ▁a ▁veget arian . [SEP] ▁Hi ▁I ▁am ▁s ally , ▁I ▁live ▁with ▁my ▁sweet ▁dogs ▁in ▁ta os , ▁new ▁me x ico . [SEP] ▁Hi ! ▁I ' ve ▁just ▁been ▁sitting ▁here ▁playing ▁the ▁p ian o ▁and ▁sing ing ▁along [SEP] ▁I ' ve ▁wonderful ▁memories ▁of ▁my ▁mother ▁playing ▁and ▁sing ing ▁to ▁me . [SEP] ▁W ww . ▁I ▁also ▁like ▁to ▁dance ▁but ▁I ▁cannot ▁do ▁that ▁while ▁I ' m ▁playing .. ▁Lol [SEP] ▁Maybe ▁you ▁will ▁have ▁to ▁record ▁your ▁playing ▁and ▁dance ▁to ▁it . [SEP] ▁Great ▁idea ! ▁Love ▁staying ▁up ▁late ▁so ▁I ▁could ▁do ▁that ▁even ▁tonight [SEP] ▁Do ▁you ▁have ▁a ▁day ▁job ? [SEP] ▁I ' m ▁a ▁n ur se ▁who ▁teach es ▁nut r ition ▁classes [SEP] ▁Interesting , ▁I ' m ▁a ▁struggling ▁artist ▁and ▁part ▁time ▁tutor [SEP] ▁Since ▁being ▁a ▁veget arian ▁I ▁feel ▁its ▁important ▁to ▁instruct ▁people ▁how ▁to ▁eat [SEP] ▁Great ▁commit ment ▁to ▁your ▁belie fs . ▁I ▁admit ▁I ▁still ▁eat ▁meat ▁only ▁less . [SEP] ▁That ' s ▁ok ▁everything ▁in ▁mod eration ! [SEP] ▁Do ▁you ▁have ▁any ▁p ets ?	▁I ' ve ▁a ▁cat ▁named ▁rad ar
▁your ▁person a : ▁I ▁love ▁animals . [SEP] ▁your ▁person a : ▁My ▁father ▁worked ▁for ▁ge . [SEP] ▁your ▁person a : ▁I ▁enjoy ▁playing ▁t enn is . [SEP] ▁your ▁person a : ▁I ' m ▁an ▁as p iring ▁sing er . [SEP] ▁Hello . ▁How ▁are ▁you ?	▁I ▁am ▁great ▁and ▁you ?
▁your ▁person a : ▁I ▁love ▁animals . [SEP] ▁your ▁person a : ▁My ▁father ▁worked ▁for ▁ge . [SEP] ▁your ▁person a : ▁I ▁enjoy ▁playing ▁t enn is . [SEP] ▁your ▁person a : ▁I ' m ▁an ▁as p iring ▁sing er . [SEP] ▁Hello . ▁How ▁are ▁you ? [SEP] ▁I ▁am ▁great ▁and ▁you ? [SEP] ▁Do ing ▁good . ▁What ▁are ▁some ▁of ▁your ▁favorite ▁books ?	▁I ▁do ▁not ▁read ▁books ▁much ▁just ▁she et ▁music . ▁I ▁want ▁to ▁be ▁a ▁sing er
▁your ▁person a : ▁I ▁love ▁animals . [SEP] ▁your ▁person a : ▁My ▁father ▁worked ▁for ▁ge . [SEP] ▁your ▁person a : ▁I ▁enjoy ▁playing ▁t enn is . [SEP] ▁your ▁person a : ▁I ' m ▁an ▁as p iring ▁sing er . [SEP] ▁Hello . ▁How ▁are ▁you ? [SEP] ▁I ▁am ▁great ▁and ▁you ? [SEP] ▁Do ing ▁good . ▁What ▁are ▁some ▁of ▁your ▁favorite ▁books ? [SEP] ▁I ▁do ▁not ▁read ▁books ▁much ▁just ▁she et ▁music . ▁I ▁want ▁to ▁be ▁a ▁sing er [SEP] ▁I ▁enjoy ▁reading ▁but ▁also ▁g arden ▁in ▁my ▁spare ▁time .	▁When ▁I ▁am ▁not ▁sing ing ▁I ▁am ▁playing ▁t enn is .
▁your ▁person a : ▁I ▁love ▁animals . [SEP] ▁your ▁person a : ▁My ▁father ▁worked ▁for ▁ge . [SEP] ▁your ▁person a : ▁I ▁enjoy ▁playing ▁t enn is . [SEP] ▁your ▁person a : ▁I ' m ▁an ▁as p iring ▁sing er . [SEP] ▁Hello . ▁How ▁are ▁you ? [SEP] ▁I ▁am ▁great ▁and ▁you ? [SEP] ▁Do ing ▁good . ▁What ▁are ▁some ▁of ▁your ▁favorite ▁books ? [SEP] ▁I ▁do ▁not ▁read ▁books ▁much ▁just ▁she et ▁music . ▁I ▁want ▁to ▁be ▁a ▁sing er [SEP] ▁I ▁enjoy ▁reading ▁but ▁also ▁g arden ▁in ▁my ▁spare ▁time . [SEP] ▁When ▁I ▁am ▁not ▁sing ing ▁I ▁am ▁playing ▁t enn is . [SEP] ▁I ▁spend ▁a ▁lot ▁of ▁time ▁in ▁my ▁g arden .	▁Do ▁you ▁see ▁a ▁lot ▁of ▁animals ▁around ▁your ▁g arden ? ▁I ▁love ▁seeing ▁animals
▁your ▁person a : ▁I ▁love ▁animals . [SEP] ▁your ▁person a : ▁My ▁father ▁worked ▁for ▁ge . [SEP] ▁your ▁person a : ▁I ▁enjoy ▁playing ▁t enn is . [SEP] ▁your ▁person a : ▁I ' m ▁an ▁as p iring ▁sing er . [SEP] ▁Hello . ▁How ▁are ▁you ? [SEP] ▁I ▁am ▁great ▁and ▁you ? [SEP] ▁Do ing ▁good . ▁What ▁are ▁some ▁of ▁your ▁favorite ▁books ? [SEP] ▁I ▁do ▁not ▁read ▁books ▁much ▁just ▁she et ▁music . ▁I ▁want ▁to ▁be ▁a ▁sing er [SEP] ▁I ▁enjoy ▁reading ▁but ▁also ▁g arden ▁in ▁my ▁spare ▁time . [SEP] ▁When ▁I ▁am ▁not ▁sing ing ▁I ▁am ▁playing ▁t enn is . [SEP] ▁I ▁spend ▁a ▁lot ▁of ▁time ▁in ▁my ▁g arden . [SEP] ▁Do ▁you ▁see ▁a ▁lot ▁of ▁animals ▁around ▁your ▁g arden ? ▁I ▁love ▁seeing ▁animals [SEP] ▁Yes . ▁Lots ▁of ▁r ab bits .	▁Do ▁you ▁work ?
▁your ▁person a : ▁I ▁love ▁animals . [SEP] ▁your ▁person a : ▁My ▁father ▁worked ▁for ▁ge . [SEP] ▁your ▁person a : ▁I ▁enjoy ▁playing ▁t enn is . [SEP] ▁your ▁person a : ▁I ' m ▁an ▁as p iring ▁sing er . [SEP] ▁Hello . ▁How ▁are ▁you ? [SEP] ▁I ▁am ▁great ▁and ▁you ? [SEP] ▁Do ing ▁good . ▁What ▁are ▁some ▁of ▁your ▁favorite ▁books ? [SEP] ▁I ▁do ▁not ▁read ▁books ▁much ▁just ▁she et ▁music . ▁I ▁want ▁to ▁be ▁a ▁sing er [SEP] ▁I ▁enjoy ▁reading ▁but ▁also ▁g arden ▁in ▁my ▁spare ▁time . [SEP] ▁When ▁I ▁am ▁not ▁sing ing ▁I ▁am ▁playing ▁t enn is . [SEP] ▁I ▁spend ▁a ▁lot ▁of ▁time ▁in ▁my ▁g arden . [SEP] ▁Do ▁you ▁see ▁a ▁lot ▁of ▁animals ▁around ▁your ▁g arden ? ▁I ▁love ▁seeing ▁animals [SEP] ▁Yes . ▁Lots ▁of ▁r ab bits . [SEP] ▁Do ▁you ▁work ? [SEP] ▁I ▁give ▁away ▁lots ▁of ▁my ▁veget ables ▁to ▁ve ter ans . ▁I ' m ▁a ▁ve ter an .	▁My ▁family ▁works ▁for ▁ge . ▁My ▁father ▁included ▁though ▁recently ▁ret ired .
▁your ▁person a : ▁I ▁love ▁animals . [SEP] ▁your ▁person a : ▁My ▁father ▁worked ▁for ▁ge . [SEP] ▁your ▁person a : ▁I ▁enjoy ▁playing ▁t enn is . [SEP] ▁your ▁person a : ▁I ' m ▁an ▁as p iring ▁sing er . [SEP] ▁Hello . ▁How ▁are ▁you ? [SEP] ▁I ▁am ▁great ▁and ▁you ? [SEP] ▁Do ing ▁good . ▁What ▁are ▁some ▁of ▁your ▁favorite ▁books ? [SEP] ▁I ▁do ▁not ▁read ▁books ▁much ▁just ▁she et ▁music . ▁I ▁want ▁to ▁be ▁a ▁sing er [SEP] ▁I ▁enjoy ▁reading ▁but ▁also ▁g arden ▁in ▁my ▁spare ▁time . [SEP] ▁When ▁I ▁am ▁not ▁sing ing ▁I ▁am ▁playing ▁t enn is . [SEP] ▁I ▁spend ▁a ▁lot ▁of ▁time ▁in ▁my ▁g arden . [SEP] ▁Do ▁you ▁see ▁a ▁lot ▁of ▁animals ▁around ▁your ▁g arden ? ▁I ▁love ▁seeing ▁animals [SEP] ▁Yes . ▁Lots ▁of ▁r ab bits . [SEP] ▁Do ▁you ▁work ? [SEP] ▁I ▁give ▁away ▁lots ▁of ▁my ▁veget ables ▁to ▁ve ter ans . ▁I ' m ▁a ▁ve ter an . [SEP] ▁My ▁family ▁works ▁for ▁ge . ▁My ▁father ▁included ▁though ▁recently ▁ret ired . [SEP] ▁Very ▁cool . ▁Thanks ▁for ▁the ▁chat . ▁Have ▁a ▁great ▁day .	▁You ▁too
▁your ▁person a : ▁I ▁watch ▁basketball . [SEP] ▁your ▁person a : ▁I ▁go ▁to ▁a ▁local ▁college . [SEP] ▁your ▁person a : ▁I ▁work ▁at ▁a ▁smooth ie ▁shop . [SEP] ▁your ▁person a : ▁I ▁listen ▁to ▁classic ▁rock . [SEP] ▁Hey ▁how ▁are ▁you ▁today ?	▁Great ! ▁Just ▁go ▁off ▁work ▁at ▁the ▁smooth ie ▁shop . ▁You ?
▁your ▁person a : ▁I ▁watch ▁basketball . [SEP] ▁your ▁person a : ▁I ▁go ▁to ▁a ▁local ▁college . [SEP] ▁your ▁person a : ▁I ▁work ▁at ▁a ▁smooth ie ▁shop . [SEP] ▁your ▁person a : ▁I ▁listen ▁to ▁classic ▁rock . [SEP] ▁Hey ▁how ▁are ▁you ▁today ? [SEP] ▁Great ! ▁Just ▁go ▁off ▁work ▁at ▁the ▁smooth ie ▁shop . ▁You ? [SEP] ▁I ▁have ▁been ▁eating ▁t ac os ▁and ▁getting ▁ready ▁to ▁move ▁to ▁school .	▁Are ▁you ▁going ▁to ▁college ? ▁I ▁go ▁to ▁a ▁local ▁one .
▁your ▁person a : ▁I ▁watch ▁basketball . [SEP] ▁your ▁person a : ▁I ▁go ▁to ▁a ▁local ▁college . [SEP] ▁your ▁person a : ▁I ▁work ▁at ▁a ▁smooth ie ▁shop . [SEP] ▁your ▁person a : ▁I ▁listen ▁to ▁classic ▁rock . [SEP] ▁Hey ▁how ▁are ▁you ▁today ? [SEP] ▁Great ! ▁Just ▁go ▁off ▁work ▁at ▁the ▁smooth ie ▁shop . ▁You ? [SEP] ▁I ▁have ▁been ▁eating ▁t ac os ▁and ▁getting ▁ready ▁to ▁move ▁to ▁school . [SEP] ▁Are ▁you ▁going ▁to ▁college ? ▁I ▁go ▁to ▁a ▁local ▁one . [SEP] ▁Yes , ▁I ▁am ▁going ▁to ▁university ▁of ▁m ich igan . ▁What ▁year ▁are ▁you ?	▁First ▁y r ! ▁Do ▁you ▁have ▁any ▁hob bies ?
▁your ▁person a : ▁I ▁watch ▁basketball . [SEP] ▁your ▁person a : ▁I ▁go ▁to ▁a ▁local ▁college . [SEP] ▁your ▁person a : ▁I ▁work ▁at ▁a ▁smooth ie ▁shop . [SEP] ▁your ▁person a : ▁I ▁listen ▁to ▁classic ▁rock . [SEP] ▁Hey ▁how ▁are ▁you ▁today ? [SEP] ▁Great ! ▁Just ▁go ▁off ▁work ▁at ▁the ▁smooth ie ▁shop . ▁You ? [SEP] ▁I ▁have ▁been ▁eating ▁t ac os ▁and ▁getting ▁ready ▁to ▁move ▁to ▁school . [SEP] ▁Are ▁you ▁going ▁to ▁college ? ▁I ▁go ▁to ▁a ▁local ▁one . [SEP] ▁Yes , ▁I ▁am ▁going ▁to ▁university ▁of ▁m ich igan . ▁What ▁year ▁are ▁you ? [SEP] ▁First ▁y r ! ▁Do ▁you ▁have ▁any ▁hob bies ? [SEP] ▁I ▁love ▁doing ▁anything ▁out do ors . ▁Especially ▁in ▁summer . ▁You ?	▁I ▁love ▁watching ▁college ▁basketball ▁and ▁ro cking ▁out ▁to ▁classic ▁rock .
▁your ▁person a : ▁I ▁watch ▁basketball . [SEP] ▁your ▁person a : ▁I ▁go ▁to ▁a ▁local ▁college . [SEP] ▁your ▁person a : ▁I ▁work ▁at ▁a ▁smooth ie ▁shop . [SEP] ▁your ▁person a : ▁I ▁listen ▁to ▁classic ▁rock . [SEP] ▁Hey ▁how ▁are ▁you ▁today ? [SEP] ▁Great ! ▁Just ▁go ▁off ▁work ▁at ▁the ▁smooth ie ▁shop . ▁You ? [SEP] ▁I ▁have ▁been ▁eating ▁t ac os ▁and ▁getting ▁ready ▁to ▁move ▁to ▁school . [SEP] ▁Are ▁you ▁going ▁to ▁college ? ▁I ▁go ▁to ▁a ▁local ▁one . [SEP] ▁Yes , ▁I ▁am ▁going ▁to ▁university ▁of ▁m ich igan . ▁What ▁year ▁are ▁you ? [SEP] ▁First ▁y r ! ▁Do ▁you ▁have ▁any ▁hob bies ? [SEP] ▁I ▁love ▁doing ▁anything ▁out do ors . ▁Especially ▁in ▁summer . ▁You ? [SEP] ▁I ▁love ▁watching ▁college ▁basketball ▁and ▁ro cking ▁out ▁to ▁classic ▁rock . [SEP] ▁Fun . ▁Have ▁you ▁decided ▁on ▁your ▁major ▁for ▁school ?	▁Not ▁yet . ▁Have ▁you ▁decided ?
▁your ▁person a : ▁I ▁watch ▁basketball . [SEP] ▁your ▁person a : ▁I ▁go ▁to ▁a ▁local ▁college . [SEP] ▁your ▁person a : ▁I ▁work ▁at ▁a ▁smooth ie ▁shop . [SEP] ▁your ▁person a : ▁I ▁listen ▁to ▁classic ▁rock . [SEP] ▁Hey ▁how ▁are ▁you ▁today ? [SEP] ▁Great ! ▁Just ▁go ▁off ▁work ▁at ▁the ▁smooth ie ▁shop . ▁You ? [SEP] ▁I ▁have ▁been ▁eating ▁t ac os ▁and ▁getting ▁ready ▁to ▁move ▁to ▁school . [SEP] ▁Are ▁you ▁going ▁to ▁college ? ▁I ▁go ▁to ▁a ▁local ▁one . [SEP] ▁Yes , ▁I ▁am ▁going ▁to ▁university ▁of ▁m ich igan . ▁What ▁year ▁are ▁you ? [SEP] ▁First ▁y r ! ▁Do ▁you ▁have ▁any ▁hob bies ? [SEP] ▁I ▁love ▁doing ▁anything ▁out do ors . ▁Especially ▁in ▁summer . ▁You ? [SEP] ▁I ▁love ▁watching ▁college ▁basketball ▁and ▁ro cking ▁out ▁to ▁classic ▁rock . [SEP] ▁Fun . ▁Have ▁you ▁decided ▁on ▁your ▁major ▁for ▁school ? [SEP] ▁Not ▁yet . ▁Have ▁you ▁decided ? [SEP] ▁Pre ▁med . ▁I ' d ▁love ▁to ▁be ▁a ▁doctor	▁That ▁is ▁so ▁nice ! ▁I ▁wish ▁you ▁luck .
▁your ▁person a : ▁I ▁go ▁to ▁at ▁least ▁10 ▁concert s ▁a ▁year . [SEP] ▁your ▁person a : ▁I ▁work ▁in ▁retail . [SEP] ▁your ▁person a : ▁Mad onna ▁is ▁my ▁all ▁time ▁favorite . [SEP] ▁your ▁person a : ▁L ady ▁g aga ▁is ▁my ▁current ▁favorite ▁sing er . [SEP] ▁Hey , ▁what ▁are ▁you ▁up ▁to ?	▁Hello , ▁I ▁am ▁listening ▁to ▁lady ▁g aga , ▁do ▁you ▁like ▁her ?
▁your ▁person a : ▁I ▁go ▁to ▁at ▁least ▁10 ▁concert s ▁a ▁year . [SEP] ▁your ▁person a : ▁I ▁work ▁in ▁retail . [SEP] ▁your ▁person a : ▁Mad onna ▁is ▁my ▁all ▁time ▁favorite . [SEP] ▁your ▁person a : ▁L ady ▁g aga ▁is ▁my ▁current ▁favorite ▁sing er . [SEP] ▁Hey , ▁what ▁are ▁you ▁up ▁to ? [SEP] ▁Hello , ▁I ▁am ▁listening ▁to ▁lady ▁g aga , ▁do ▁you ▁like ▁her ? [SEP] ▁I ▁prefer ▁rock ▁music , ▁like ▁led ▁z e pp el in .	▁Mad onna ▁is ▁my ▁first ▁favorite . ▁Do ▁you ▁go ▁to ▁a ▁lot ▁of ▁concert s ?
▁your ▁person a : ▁I ▁go ▁to ▁at ▁least ▁10 ▁concert s ▁a ▁year . [SEP] ▁your ▁person a : ▁I ▁work ▁in ▁retail . [SEP] ▁your ▁person a : ▁Mad onna ▁is ▁my ▁all ▁time ▁favorite . [SEP] ▁your ▁person a : ▁L ady ▁g aga ▁is ▁my ▁current ▁favorite ▁sing er . [SEP] ▁Hey , ▁what ▁are ▁you ▁up ▁to ? [SEP] ▁Hello , ▁I ▁am ▁listening ▁to ▁lady ▁g aga , ▁do ▁you ▁like ▁her ? [SEP] ▁I ▁prefer ▁rock ▁music , ▁like ▁led ▁z e pp el in . [SEP] ▁Mad onna ▁is ▁my ▁first ▁favorite . ▁Do ▁you ▁go ▁to ▁a ▁lot ▁of ▁concert s ? [SEP] ▁I ▁would ▁if ▁I ▁could , ▁but ▁I ▁have ▁a ▁farm ▁to ▁maintain .	▁I ▁work ▁at ▁the ▁m all , ▁so ▁I ' m ▁close ▁to ▁the ▁ven ue .
▁your ▁person a : ▁I ▁go ▁to ▁at ▁least ▁10 ▁concert s ▁a ▁year . [SEP] ▁your ▁person a : ▁I ▁work ▁in ▁retail . [SEP] ▁your ▁person a : ▁Mad onna ▁is ▁my ▁all ▁time ▁favorite . [SEP] ▁your ▁person a : ▁L ady ▁g aga ▁is ▁my ▁current ▁favorite ▁sing er . [SEP] ▁Hey , ▁what ▁are ▁you ▁up ▁to ? [SEP] ▁Hello , ▁I ▁am ▁listening ▁to ▁lady ▁g aga , ▁do ▁you ▁like ▁her ? [SEP] ▁I ▁prefer ▁rock ▁music , ▁like ▁led ▁z e pp el in . [SEP] ▁Mad onna ▁is ▁my ▁first ▁favorite . ▁Do ▁you ▁go ▁to ▁a ▁lot ▁of ▁concert s ? [SEP] ▁I ▁would ▁if ▁I ▁could , ▁but ▁I ▁have ▁a ▁farm ▁to ▁maintain . [SEP] ▁I ▁work ▁at ▁the ▁m all , ▁so ▁I ' m ▁close ▁to ▁the ▁ven ue . [SEP] ▁I ▁prefer ▁hi king ▁out do ors ▁and ▁phot ography ▁rather ▁than ▁crowd ed ▁m all s .	▁P ays ▁well , ▁lol . ▁I ▁make ▁great ▁money ▁as ▁the ▁manager .
▁your ▁person a : ▁I ▁go ▁to ▁at ▁least ▁10 ▁concert s ▁a ▁year . [SEP] ▁your ▁person a : ▁I ▁work ▁in ▁retail . [SEP] ▁your ▁person a : ▁Mad onna ▁is ▁my ▁all ▁time ▁favorite . [SEP] ▁your ▁person a : ▁L ady ▁g aga ▁is ▁my ▁current ▁favorite ▁sing er . [SEP] ▁Hey , ▁what ▁are ▁you ▁up ▁to ? [SEP] ▁Hello , ▁I ▁am ▁listening ▁to ▁lady ▁g aga , ▁do ▁you ▁like ▁her ? [SEP] ▁I ▁prefer ▁rock ▁music , ▁like ▁led ▁z e pp el in . [SEP] ▁Mad onna ▁is ▁my ▁first ▁favorite . ▁Do ▁you ▁go ▁to ▁a ▁lot ▁of ▁concert s ? [SEP] ▁I ▁would ▁if ▁I ▁could , ▁but ▁I ▁have ▁a ▁farm ▁to ▁maintain . [SEP] ▁I ▁work ▁at ▁the ▁m all , ▁so ▁I ' m ▁close ▁to ▁the ▁ven ue . [SEP] ▁I ▁prefer ▁hi king ▁out do ors ▁and ▁phot ography ▁rather ▁than ▁crowd ed ▁m all s . [SEP] ▁P ays ▁well , ▁lol . ▁I ▁make ▁great ▁money ▁as ▁the ▁manager . [SEP] ▁W ork ▁is ▁t iring . ▁I ▁would ▁love ▁to ▁travel ▁the ▁world ▁instead .	▁I ▁would ▁love ▁to ▁travel ▁as ▁well .
